source,region,date,type,median,mean,sd,lower_90,lower_50,lower_20,upper_20,upper_50,upper_90,model
cases,Wales,2020-10-24,estimate,0.84,0.84,0.02,0.81,0.83,0.83,0.84,0.85,0.87,single breakpoint
cases,Wales,2020-10-25,estimate,0.84,0.84,0.02,0.81,0.83,0.83,0.84,0.85,0.87,single breakpoint
cases,Wales,2020-10-26,estimate,0.84,0.84,0.02,0.81,0.83,0.83,0.84,0.85,0.87,single breakpoint
cases,Wales,2020-10-27,estimate,0.84,0.84,0.02,0.81,0.83,0.83,0.84,0.85,0.87,single breakpoint
cases,Wales,2020-10-28,estimate,0.84,0.84,0.02,0.81,0.83,0.83,0.84,0.85,0.87,single breakpoint
cases,Wales,2020-10-29,estimate,0.84,0.84,0.02,0.81,0.83,0.83,0.84,0.85,0.87,single breakpoint
cases,Wales,2020-10-30,estimate,0.84,0.84,0.02,0.81,0.83,0.83,0.84,0.85,0.87,single breakpoint
cases,Wales,2020-10-31,estimate,0.84,0.84,0.02,0.81,0.83,0.83,0.84,0.85,0.87,single breakpoint
cases,Wales,2020-11-01,estimate,0.84,0.84,0.02,0.81,0.83,0.83,0.84,0.85,0.87,single breakpoint
cases,Wales,2020-11-02,estimate,0.84,0.84,0.02,0.81,0.83,0.83,0.84,0.85,0.87,single breakpoint
cases,Wales,2020-11-03,estimate,0.84,0.84,0.02,0.81,0.83,0.83,0.84,0.85,0.87,single breakpoint
cases,Wales,2020-11-04,estimate,0.84,0.84,0.02,0.81,0.83,0.83,0.84,0.85,0.87,single breakpoint
cases,Wales,2020-11-05,estimate,0.84,0.84,0.02,0.81,0.83,0.83,0.84,0.85,0.87,single breakpoint
cases,Wales,2020-11-06,estimate based on partial data,0.84,0.84,0.02,0.81,0.83,0.83,0.84,0.85,0.87,single breakpoint
cases,Wales,2020-11-07,estimate based on partial data,0.84,0.84,0.02,0.81,0.83,0.83,0.84,0.85,0.87,single breakpoint
cases,Wales,2020-11-08,estimate based on partial data,0.84,0.84,0.02,0.81,0.83,0.83,0.84,0.85,0.87,single breakpoint
cases,Wales,2020-11-09,estimate based on partial data,0.84,0.84,0.02,0.81,0.83,0.83,0.84,0.85,0.87,single breakpoint
cases,Wales,2020-11-10,estimate based on partial data,0.84,0.84,0.02,0.81,0.83,0.83,0.84,0.85,0.87,single breakpoint
cases,Wales,2020-11-11,estimate based on partial data,0.84,0.84,0.02,0.81,0.83,0.83,0.84,0.85,0.87,single breakpoint
cases,Wales,2020-11-12,estimate based on partial data,0.84,0.84,0.02,0.81,0.83,0.83,0.84,0.85,0.87,single breakpoint
cases,Wales,2020-11-13,estimate based on partial data,0.84,0.84,0.02,0.81,0.83,0.83,0.84,0.85,0.87,single breakpoint
cases,Wales,2020-11-14,estimate based on partial data,0.84,0.84,0.02,0.81,0.83,0.83,0.84,0.85,0.87,single breakpoint
cases,Wales,2020-11-15,estimate based on partial data,0.84,0.84,0.02,0.81,0.83,0.83,0.84,0.85,0.87,single breakpoint
cases,Wales,2020-11-16,estimate based on partial data,0.84,0.84,0.02,0.81,0.83,0.83,0.84,0.85,0.87,single breakpoint
cases,Northern Ireland,2020-10-16,estimate,0.9,0.9,0.01,0.88,0.89,0.9,0.9,0.91,0.92,single breakpoint
cases,Northern Ireland,2020-10-17,estimate,0.9,0.9,0.01,0.88,0.89,0.9,0.9,0.91,0.92,single breakpoint
cases,Northern Ireland,2020-10-18,estimate,0.9,0.9,0.01,0.88,0.89,0.9,0.9,0.91,0.92,single breakpoint
cases,Northern Ireland,2020-10-19,estimate,0.9,0.9,0.01,0.88,0.89,0.9,0.9,0.91,0.92,single breakpoint
cases,Northern Ireland,2020-10-20,estimate,0.9,0.9,0.01,0.88,0.89,0.9,0.9,0.91,0.92,single breakpoint
cases,Northern Ireland,2020-10-21,estimate,0.9,0.9,0.01,0.88,0.89,0.9,0.9,0.91,0.92,single breakpoint
cases,Northern Ireland,2020-10-22,estimate,0.9,0.9,0.01,0.88,0.89,0.9,0.9,0.91,0.92,single breakpoint
cases,Northern Ireland,2020-10-23,estimate,0.9,0.9,0.01,0.88,0.89,0.9,0.9,0.91,0.92,single breakpoint
cases,Northern Ireland,2020-10-24,estimate,0.9,0.9,0.01,0.88,0.89,0.9,0.9,0.91,0.92,single breakpoint
cases,Northern Ireland,2020-10-25,estimate,0.9,0.9,0.01,0.88,0.89,0.9,0.9,0.91,0.92,single breakpoint
cases,Northern Ireland,2020-10-26,estimate,0.9,0.9,0.01,0.88,0.89,0.9,0.9,0.91,0.92,single breakpoint
cases,Northern Ireland,2020-10-27,estimate,0.9,0.9,0.01,0.88,0.89,0.9,0.9,0.91,0.92,single breakpoint
cases,Northern Ireland,2020-10-28,estimate,0.9,0.9,0.01,0.88,0.89,0.9,0.9,0.91,0.92,single breakpoint
cases,Northern Ireland,2020-10-29,estimate,0.9,0.9,0.01,0.88,0.89,0.9,0.9,0.91,0.92,single breakpoint
cases,Northern Ireland,2020-10-30,estimate,0.9,0.9,0.01,0.88,0.89,0.9,0.9,0.91,0.92,single breakpoint
cases,Northern Ireland,2020-10-31,estimate,0.9,0.9,0.01,0.88,0.89,0.9,0.9,0.91,0.92,single breakpoint
cases,Northern Ireland,2020-11-01,estimate,0.9,0.9,0.01,0.88,0.89,0.9,0.9,0.91,0.92,single breakpoint
cases,Northern Ireland,2020-11-02,estimate,0.9,0.9,0.01,0.88,0.89,0.9,0.9,0.91,0.92,single breakpoint
cases,Northern Ireland,2020-11-03,estimate,0.9,0.9,0.01,0.88,0.89,0.9,0.9,0.91,0.92,single breakpoint
cases,Northern Ireland,2020-11-04,estimate,0.9,0.9,0.01,0.88,0.89,0.9,0.9,0.91,0.92,single breakpoint
cases,Northern Ireland,2020-11-05,estimate,0.9,0.9,0.01,0.88,0.89,0.9,0.9,0.91,0.92,single breakpoint
cases,Northern Ireland,2020-11-06,estimate based on partial data,0.9,0.9,0.01,0.88,0.89,0.9,0.9,0.91,0.92,single breakpoint
cases,Northern Ireland,2020-11-07,estimate based on partial data,0.9,0.9,0.01,0.88,0.89,0.9,0.9,0.91,0.92,single breakpoint
cases,Northern Ireland,2020-11-08,estimate based on partial data,0.9,0.9,0.01,0.88,0.89,0.9,0.9,0.91,0.92,single breakpoint
cases,Northern Ireland,2020-11-09,estimate based on partial data,0.9,0.9,0.01,0.88,0.89,0.9,0.9,0.91,0.92,single breakpoint
cases,Northern Ireland,2020-11-10,estimate based on partial data,0.9,0.9,0.01,0.88,0.89,0.9,0.9,0.91,0.92,single breakpoint
cases,Northern Ireland,2020-11-11,estimate based on partial data,0.9,0.9,0.01,0.88,0.89,0.9,0.9,0.91,0.92,single breakpoint
cases,Northern Ireland,2020-11-12,estimate based on partial data,0.9,0.9,0.01,0.88,0.89,0.9,0.9,0.91,0.92,single breakpoint
cases,Northern Ireland,2020-11-13,estimate based on partial data,0.9,0.9,0.01,0.88,0.89,0.9,0.9,0.91,0.92,single breakpoint
cases,Northern Ireland,2020-11-14,estimate based on partial data,0.9,0.9,0.01,0.88,0.89,0.9,0.9,0.91,0.92,single breakpoint
cases,Northern Ireland,2020-11-15,estimate based on partial data,0.9,0.9,0.01,0.88,0.89,0.9,0.9,0.91,0.92,single breakpoint
cases,Northern Ireland,2020-11-16,estimate based on partial data,0.9,0.9,0.01,0.88,0.89,0.9,0.9,0.91,0.92,single breakpoint
cases,Northern Ireland,2020-10-05,estimate,0.94,0.95,0.03,0.9,0.92,0.94,0.95,0.97,1,single breakpoint
cases,Northern Ireland,2020-10-06,estimate,0.94,0.95,0.03,0.9,0.92,0.94,0.95,0.97,1,single breakpoint
cases,Northern Ireland,2020-10-07,estimate,0.94,0.95,0.03,0.9,0.92,0.94,0.95,0.97,1,single breakpoint
cases,Northern Ireland,2020-10-08,estimate,0.94,0.95,0.03,0.9,0.92,0.94,0.95,0.97,1,single breakpoint
cases,Northern Ireland,2020-10-09,estimate,0.94,0.95,0.03,0.9,0.92,0.94,0.95,0.97,1,single breakpoint
cases,Northern Ireland,2020-10-10,estimate,0.94,0.95,0.03,0.9,0.92,0.94,0.95,0.97,1,single breakpoint
cases,Northern Ireland,2020-10-11,estimate,0.94,0.95,0.03,0.9,0.92,0.94,0.95,0.97,1,single breakpoint
cases,Northern Ireland,2020-10-12,estimate,0.94,0.95,0.03,0.9,0.92,0.94,0.95,0.97,1,single breakpoint
cases,Northern Ireland,2020-10-13,estimate,0.94,0.95,0.03,0.9,0.92,0.94,0.95,0.97,1,single breakpoint
cases,Northern Ireland,2020-10-14,estimate,0.94,0.95,0.03,0.9,0.92,0.94,0.95,0.97,1,single breakpoint
cases,Northern Ireland,2020-10-15,estimate,0.94,0.95,0.03,0.9,0.92,0.94,0.95,0.97,1,single breakpoint
cases,South West,2020-10-24,estimate,1.04,1.04,0.02,1.01,1.03,1.04,1.04,1.05,1.07,single breakpoint
cases,South West,2020-10-25,estimate,1.04,1.04,0.02,1.01,1.03,1.04,1.04,1.05,1.07,single breakpoint
cases,South West,2020-10-26,estimate,1.04,1.04,0.02,1.01,1.03,1.04,1.04,1.05,1.07,single breakpoint
cases,South West,2020-10-27,estimate,1.04,1.04,0.02,1.01,1.03,1.04,1.04,1.05,1.07,single breakpoint
cases,South West,2020-10-28,estimate,1.04,1.04,0.02,1.01,1.03,1.04,1.04,1.05,1.07,single breakpoint
cases,South West,2020-10-29,estimate,1.04,1.04,0.02,1.01,1.03,1.04,1.04,1.05,1.07,single breakpoint
cases,South West,2020-10-30,estimate,1.04,1.04,0.02,1.01,1.03,1.04,1.04,1.05,1.07,single breakpoint
cases,South West,2020-10-31,estimate,1.04,1.04,0.02,1.01,1.03,1.04,1.04,1.05,1.07,single breakpoint
cases,South West,2020-11-01,estimate,1.04,1.04,0.02,1.01,1.03,1.04,1.04,1.05,1.07,single breakpoint
cases,South West,2020-11-02,estimate,1.04,1.04,0.02,1.01,1.03,1.04,1.04,1.05,1.07,single breakpoint
cases,South West,2020-11-03,estimate,1.04,1.04,0.02,1.01,1.03,1.04,1.04,1.05,1.07,single breakpoint
cases,South West,2020-11-04,estimate,1.04,1.04,0.02,1.01,1.03,1.04,1.04,1.05,1.07,single breakpoint
cases,South West,2020-11-05,estimate based on partial data,1.04,1.04,0.02,1.01,1.03,1.04,1.04,1.05,1.07,single breakpoint
cases,South West,2020-11-06,estimate based on partial data,1.04,1.04,0.02,1.01,1.03,1.04,1.04,1.05,1.07,single breakpoint
cases,South West,2020-11-07,estimate based on partial data,1.04,1.04,0.02,1.01,1.03,1.04,1.04,1.05,1.07,single breakpoint
cases,South West,2020-11-08,estimate based on partial data,1.04,1.04,0.02,1.01,1.03,1.04,1.04,1.05,1.07,single breakpoint
cases,South West,2020-11-09,estimate based on partial data,1.04,1.04,0.02,1.01,1.03,1.04,1.04,1.05,1.07,single breakpoint
cases,South West,2020-11-10,estimate based on partial data,1.04,1.04,0.02,1.01,1.03,1.04,1.04,1.05,1.07,single breakpoint
cases,South West,2020-11-11,estimate based on partial data,1.04,1.04,0.02,1.01,1.03,1.04,1.04,1.05,1.07,single breakpoint
cases,South West,2020-11-12,estimate based on partial data,1.04,1.04,0.02,1.01,1.03,1.04,1.04,1.05,1.07,single breakpoint
cases,South West,2020-11-13,estimate based on partial data,1.04,1.04,0.02,1.01,1.03,1.04,1.04,1.05,1.07,single breakpoint
cases,South West,2020-11-14,estimate based on partial data,1.04,1.04,0.02,1.01,1.03,1.04,1.04,1.05,1.07,single breakpoint
cases,South West,2020-11-15,estimate based on partial data,1.04,1.04,0.02,1.01,1.03,1.04,1.04,1.05,1.07,single breakpoint
cases,Wales,2020-10-05,estimate,1.12,1.12,0.02,1.09,1.11,1.12,1.12,1.13,1.15,single breakpoint
cases,Wales,2020-10-06,estimate,1.12,1.12,0.02,1.09,1.11,1.12,1.12,1.13,1.15,single breakpoint
cases,Wales,2020-10-07,estimate,1.12,1.12,0.02,1.09,1.11,1.12,1.12,1.13,1.15,single breakpoint
cases,Wales,2020-10-08,estimate,1.12,1.12,0.02,1.09,1.11,1.12,1.12,1.13,1.15,single breakpoint
cases,Wales,2020-10-09,estimate,1.12,1.12,0.02,1.09,1.11,1.12,1.12,1.13,1.15,single breakpoint
cases,Wales,2020-10-10,estimate,1.12,1.12,0.02,1.09,1.11,1.12,1.12,1.13,1.15,single breakpoint
cases,Wales,2020-10-11,estimate,1.12,1.12,0.02,1.09,1.11,1.12,1.12,1.13,1.15,single breakpoint
cases,Wales,2020-10-12,estimate,1.12,1.12,0.02,1.09,1.11,1.12,1.12,1.13,1.15,single breakpoint
cases,Wales,2020-10-13,estimate,1.12,1.12,0.02,1.09,1.11,1.12,1.12,1.13,1.15,single breakpoint
cases,Wales,2020-10-14,estimate,1.12,1.12,0.02,1.09,1.11,1.12,1.12,1.13,1.15,single breakpoint
cases,Wales,2020-10-15,estimate,1.12,1.12,0.02,1.09,1.11,1.12,1.12,1.13,1.15,single breakpoint
cases,Wales,2020-10-16,estimate,1.12,1.12,0.02,1.09,1.11,1.12,1.12,1.13,1.15,single breakpoint
cases,Wales,2020-10-17,estimate,1.12,1.12,0.02,1.09,1.11,1.12,1.12,1.13,1.15,single breakpoint
cases,Wales,2020-10-18,estimate,1.12,1.12,0.02,1.09,1.11,1.12,1.12,1.13,1.15,single breakpoint
cases,Wales,2020-10-19,estimate,1.12,1.12,0.02,1.09,1.11,1.12,1.12,1.13,1.15,single breakpoint
cases,Wales,2020-10-20,estimate,1.12,1.12,0.02,1.09,1.11,1.12,1.12,1.13,1.15,single breakpoint
cases,Wales,2020-10-21,estimate,1.12,1.12,0.02,1.09,1.11,1.12,1.12,1.13,1.15,single breakpoint
cases,Wales,2020-10-22,estimate,1.12,1.12,0.02,1.09,1.11,1.12,1.12,1.13,1.15,single breakpoint
cases,Wales,2020-10-23,estimate,1.12,1.12,0.02,1.09,1.11,1.12,1.12,1.13,1.15,single breakpoint
cases,South West,2020-10-04,estimate,1.13,1.13,0.02,1.1,1.11,1.12,1.13,1.14,1.15,single breakpoint
cases,South West,2020-10-05,estimate,1.13,1.13,0.02,1.1,1.11,1.12,1.13,1.14,1.15,single breakpoint
cases,South West,2020-10-06,estimate,1.13,1.13,0.02,1.1,1.11,1.12,1.13,1.14,1.15,single breakpoint
cases,South West,2020-10-07,estimate,1.13,1.13,0.02,1.1,1.11,1.12,1.13,1.14,1.15,single breakpoint
cases,South West,2020-10-08,estimate,1.13,1.13,0.02,1.1,1.11,1.12,1.13,1.14,1.15,single breakpoint
cases,South West,2020-10-09,estimate,1.13,1.13,0.02,1.1,1.11,1.12,1.13,1.14,1.15,single breakpoint
cases,South West,2020-10-10,estimate,1.13,1.13,0.02,1.1,1.11,1.12,1.13,1.14,1.15,single breakpoint
cases,South West,2020-10-11,estimate,1.13,1.13,0.02,1.1,1.11,1.12,1.13,1.14,1.15,single breakpoint
cases,South West,2020-10-12,estimate,1.13,1.13,0.02,1.1,1.11,1.12,1.13,1.14,1.15,single breakpoint
cases,South West,2020-10-13,estimate,1.13,1.13,0.02,1.1,1.11,1.12,1.13,1.14,1.15,single breakpoint
cases,South West,2020-10-14,estimate,1.13,1.13,0.02,1.1,1.11,1.12,1.13,1.14,1.15,single breakpoint
cases,South West,2020-10-15,estimate,1.13,1.13,0.02,1.1,1.11,1.12,1.13,1.14,1.15,single breakpoint
cases,South West,2020-10-16,estimate,1.13,1.13,0.02,1.1,1.11,1.12,1.13,1.14,1.15,single breakpoint
cases,South West,2020-10-17,estimate,1.13,1.13,0.02,1.1,1.11,1.12,1.13,1.14,1.15,single breakpoint
cases,South West,2020-10-18,estimate,1.13,1.13,0.02,1.1,1.11,1.12,1.13,1.14,1.15,single breakpoint
cases,South West,2020-10-19,estimate,1.13,1.13,0.02,1.1,1.11,1.12,1.13,1.14,1.15,single breakpoint
cases,South West,2020-10-20,estimate,1.13,1.13,0.02,1.1,1.11,1.12,1.13,1.14,1.15,single breakpoint
cases,South West,2020-10-21,estimate,1.13,1.13,0.02,1.1,1.11,1.12,1.13,1.14,1.15,single breakpoint
cases,South West,2020-10-22,estimate,1.13,1.13,0.02,1.1,1.11,1.12,1.13,1.14,1.15,single breakpoint
cases,South West,2020-10-23,estimate,1.13,1.13,0.02,1.1,1.11,1.12,1.13,1.14,1.15,single breakpoint
admissions,Northern Ireland,2020-10-16,estimate,0.91,0.91,0.05,0.83,0.88,0.9,0.93,0.95,1,single breakpoint
admissions,Northern Ireland,2020-10-17,estimate,0.91,0.91,0.05,0.83,0.88,0.9,0.93,0.95,1,single breakpoint
admissions,Northern Ireland,2020-10-18,estimate,0.91,0.91,0.05,0.83,0.88,0.9,0.93,0.95,1,single breakpoint
admissions,Northern Ireland,2020-10-19,estimate,0.91,0.91,0.05,0.83,0.88,0.9,0.93,0.95,1,single breakpoint
admissions,Northern Ireland,2020-10-20,estimate,0.91,0.91,0.05,0.83,0.88,0.9,0.93,0.95,1,single breakpoint
admissions,Northern Ireland,2020-10-21,estimate,0.91,0.91,0.05,0.83,0.88,0.9,0.93,0.95,1,single breakpoint
admissions,Northern Ireland,2020-10-22,estimate,0.91,0.91,0.05,0.83,0.88,0.9,0.93,0.95,1,single breakpoint
admissions,Northern Ireland,2020-10-23,estimate,0.91,0.91,0.05,0.83,0.88,0.9,0.93,0.95,1,single breakpoint
admissions,Northern Ireland,2020-10-24,estimate,0.91,0.91,0.05,0.83,0.88,0.9,0.93,0.95,1,single breakpoint
admissions,Northern Ireland,2020-10-25,estimate,0.91,0.91,0.05,0.83,0.88,0.9,0.93,0.95,1,single breakpoint
admissions,Northern Ireland,2020-10-26,estimate,0.91,0.91,0.05,0.83,0.88,0.9,0.93,0.95,1,single breakpoint
admissions,Northern Ireland,2020-10-27,estimate,0.91,0.91,0.05,0.83,0.88,0.9,0.93,0.95,1,single breakpoint
admissions,Northern Ireland,2020-10-28,estimate,0.91,0.91,0.05,0.83,0.88,0.9,0.93,0.95,1,single breakpoint
admissions,Northern Ireland,2020-10-29,estimate,0.91,0.91,0.05,0.83,0.88,0.9,0.93,0.95,1,single breakpoint
admissions,Northern Ireland,2020-10-30,estimate,0.91,0.91,0.05,0.83,0.88,0.9,0.93,0.95,1,single breakpoint
admissions,Northern Ireland,2020-10-31,estimate,0.91,0.91,0.05,0.83,0.88,0.9,0.93,0.95,1,single breakpoint
admissions,Northern Ireland,2020-11-01,estimate,0.91,0.91,0.05,0.83,0.88,0.9,0.93,0.95,1,single breakpoint
admissions,Northern Ireland,2020-11-02,estimate,0.91,0.91,0.05,0.83,0.88,0.9,0.93,0.95,1,single breakpoint
admissions,Northern Ireland,2020-11-03,estimate,0.91,0.91,0.05,0.83,0.88,0.9,0.93,0.95,1,single breakpoint
admissions,Northern Ireland,2020-11-04,estimate,0.91,0.91,0.05,0.83,0.88,0.9,0.93,0.95,1,single breakpoint
admissions,Northern Ireland,2020-11-05,estimate,0.91,0.91,0.05,0.83,0.88,0.9,0.93,0.95,1,single breakpoint
admissions,Northern Ireland,2020-11-06,estimate based on partial data,0.91,0.91,0.05,0.83,0.88,0.9,0.93,0.95,1,single breakpoint
admissions,Northern Ireland,2020-11-07,estimate based on partial data,0.91,0.91,0.05,0.83,0.88,0.9,0.93,0.95,1,single breakpoint
admissions,Northern Ireland,2020-11-08,estimate based on partial data,0.91,0.91,0.05,0.83,0.88,0.9,0.93,0.95,1,single breakpoint
admissions,Northern Ireland,2020-11-09,estimate based on partial data,0.91,0.91,0.05,0.83,0.88,0.9,0.93,0.95,1,single breakpoint
admissions,Northern Ireland,2020-11-10,estimate based on partial data,0.91,0.91,0.05,0.83,0.88,0.9,0.93,0.95,1,single breakpoint
admissions,Northern Ireland,2020-11-11,estimate based on partial data,0.91,0.91,0.05,0.83,0.88,0.9,0.93,0.95,1,single breakpoint
admissions,Northern Ireland,2020-11-12,estimate based on partial data,0.91,0.91,0.05,0.83,0.88,0.9,0.93,0.95,1,single breakpoint
admissions,Northern Ireland,2020-11-13,estimate based on partial data,0.91,0.91,0.05,0.83,0.88,0.9,0.93,0.95,1,single breakpoint
admissions,Northern Ireland,2020-11-14,estimate based on partial data,0.91,0.91,0.05,0.83,0.88,0.9,0.93,0.95,1,single breakpoint
admissions,Northern Ireland,2020-11-15,estimate based on partial data,0.91,0.91,0.05,0.83,0.88,0.9,0.93,0.95,1,single breakpoint
admissions,Northern Ireland,2020-11-16,estimate based on partial data,0.91,0.91,0.05,0.83,0.88,0.9,0.93,0.95,1,single breakpoint
admissions,Wales,2020-10-24,estimate,0.94,0.94,0.03,0.9,0.93,0.94,0.95,0.96,0.99,single breakpoint
admissions,Wales,2020-10-25,estimate,0.94,0.94,0.03,0.9,0.93,0.94,0.95,0.96,0.99,single breakpoint
admissions,Wales,2020-10-26,estimate,0.94,0.94,0.03,0.9,0.93,0.94,0.95,0.96,0.99,single breakpoint
admissions,Wales,2020-10-27,estimate,0.94,0.94,0.03,0.9,0.93,0.94,0.95,0.96,0.99,single breakpoint
admissions,Wales,2020-10-28,estimate,0.94,0.94,0.03,0.9,0.93,0.94,0.95,0.96,0.99,single breakpoint
admissions,Wales,2020-10-29,estimate,0.94,0.94,0.03,0.9,0.93,0.94,0.95,0.96,0.99,single breakpoint
admissions,Wales,2020-10-30,estimate,0.94,0.94,0.03,0.9,0.93,0.94,0.95,0.96,0.99,single breakpoint
admissions,Wales,2020-10-31,estimate,0.94,0.94,0.03,0.9,0.93,0.94,0.95,0.96,0.99,single breakpoint
admissions,Wales,2020-11-01,estimate,0.94,0.94,0.03,0.9,0.93,0.94,0.95,0.96,0.99,single breakpoint
admissions,Wales,2020-11-02,estimate,0.94,0.94,0.03,0.9,0.93,0.94,0.95,0.96,0.99,single breakpoint
admissions,Wales,2020-11-03,estimate,0.94,0.94,0.03,0.9,0.93,0.94,0.95,0.96,0.99,single breakpoint
admissions,Wales,2020-11-04,estimate,0.94,0.94,0.03,0.9,0.93,0.94,0.95,0.96,0.99,single breakpoint
admissions,Wales,2020-11-05,estimate,0.94,0.94,0.03,0.9,0.93,0.94,0.95,0.96,0.99,single breakpoint
admissions,Wales,2020-11-06,estimate based on partial data,0.94,0.94,0.03,0.9,0.93,0.94,0.95,0.96,0.99,single breakpoint
admissions,Wales,2020-11-07,estimate based on partial data,0.94,0.94,0.03,0.9,0.93,0.94,0.95,0.96,0.99,single breakpoint
admissions,Wales,2020-11-08,estimate based on partial data,0.94,0.94,0.03,0.9,0.93,0.94,0.95,0.96,0.99,single breakpoint
admissions,Wales,2020-11-09,estimate based on partial data,0.94,0.94,0.03,0.9,0.93,0.94,0.95,0.96,0.99,single breakpoint
admissions,Wales,2020-11-10,estimate based on partial data,0.94,0.94,0.03,0.9,0.93,0.94,0.95,0.96,0.99,single breakpoint
admissions,Wales,2020-11-11,estimate based on partial data,0.94,0.94,0.03,0.9,0.93,0.94,0.95,0.96,0.99,single breakpoint
admissions,Wales,2020-11-12,estimate based on partial data,0.94,0.94,0.03,0.9,0.93,0.94,0.95,0.96,0.99,single breakpoint
admissions,Wales,2020-11-13,estimate based on partial data,0.94,0.94,0.03,0.9,0.93,0.94,0.95,0.96,0.99,single breakpoint
admissions,Wales,2020-11-14,estimate based on partial data,0.94,0.94,0.03,0.9,0.93,0.94,0.95,0.96,0.99,single breakpoint
admissions,Wales,2020-11-15,estimate based on partial data,0.94,0.94,0.03,0.9,0.93,0.94,0.95,0.96,0.99,single breakpoint
admissions,Wales,2020-11-16,estimate based on partial data,0.94,0.94,0.03,0.9,0.93,0.94,0.95,0.96,0.99,single breakpoint
admissions,Northern Ireland,2020-10-05,estimate,1.06,1.07,0.1,0.92,0.99,1.03,1.09,1.14,1.26,single breakpoint
admissions,Northern Ireland,2020-10-06,estimate,1.06,1.07,0.1,0.92,0.99,1.03,1.09,1.14,1.26,single breakpoint
admissions,Northern Ireland,2020-10-07,estimate,1.06,1.07,0.1,0.92,0.99,1.03,1.09,1.14,1.26,single breakpoint
admissions,Northern Ireland,2020-10-08,estimate,1.06,1.07,0.1,0.92,0.99,1.03,1.09,1.14,1.26,single breakpoint
admissions,Northern Ireland,2020-10-09,estimate,1.06,1.07,0.1,0.92,0.99,1.03,1.09,1.14,1.26,single breakpoint
admissions,Northern Ireland,2020-10-10,estimate,1.06,1.07,0.1,0.92,0.99,1.03,1.09,1.14,1.26,single breakpoint
admissions,Northern Ireland,2020-10-11,estimate,1.06,1.07,0.1,0.92,0.99,1.03,1.09,1.14,1.26,single breakpoint
admissions,Northern Ireland,2020-10-12,estimate,1.06,1.07,0.1,0.92,0.99,1.03,1.09,1.14,1.26,single breakpoint
admissions,Northern Ireland,2020-10-13,estimate,1.06,1.07,0.1,0.92,0.99,1.03,1.09,1.14,1.26,single breakpoint
admissions,Northern Ireland,2020-10-14,estimate,1.06,1.07,0.1,0.92,0.99,1.03,1.09,1.14,1.26,single breakpoint
admissions,Northern Ireland,2020-10-15,estimate,1.06,1.07,0.1,0.92,0.99,1.03,1.09,1.14,1.26,single breakpoint
admissions,Wales,2020-10-05,estimate,1.13,1.13,0.03,1.09,1.12,1.13,1.14,1.15,1.18,single breakpoint
admissions,Wales,2020-10-06,estimate,1.13,1.13,0.03,1.09,1.12,1.13,1.14,1.15,1.18,single breakpoint
admissions,Wales,2020-10-07,estimate,1.13,1.13,0.03,1.09,1.12,1.13,1.14,1.15,1.18,single breakpoint
admissions,Wales,2020-10-08,estimate,1.13,1.13,0.03,1.09,1.12,1.13,1.14,1.15,1.18,single breakpoint
admissions,Wales,2020-10-09,estimate,1.13,1.13,0.03,1.09,1.12,1.13,1.14,1.15,1.18,single breakpoint
admissions,Wales,2020-10-10,estimate,1.13,1.13,0.03,1.09,1.12,1.13,1.14,1.15,1.18,single breakpoint
admissions,Wales,2020-10-11,estimate,1.13,1.13,0.03,1.09,1.12,1.13,1.14,1.15,1.18,single breakpoint
admissions,Wales,2020-10-12,estimate,1.13,1.13,0.03,1.09,1.12,1.13,1.14,1.15,1.18,single breakpoint
admissions,Wales,2020-10-13,estimate,1.13,1.13,0.03,1.09,1.12,1.13,1.14,1.15,1.18,single breakpoint
admissions,Wales,2020-10-14,estimate,1.13,1.13,0.03,1.09,1.12,1.13,1.14,1.15,1.18,single breakpoint
admissions,Wales,2020-10-15,estimate,1.13,1.13,0.03,1.09,1.12,1.13,1.14,1.15,1.18,single breakpoint
admissions,Wales,2020-10-16,estimate,1.13,1.13,0.03,1.09,1.12,1.13,1.14,1.15,1.18,single breakpoint
admissions,Wales,2020-10-17,estimate,1.13,1.13,0.03,1.09,1.12,1.13,1.14,1.15,1.18,single breakpoint
admissions,Wales,2020-10-18,estimate,1.13,1.13,0.03,1.09,1.12,1.13,1.14,1.15,1.18,single breakpoint
admissions,Wales,2020-10-19,estimate,1.13,1.13,0.03,1.09,1.12,1.13,1.14,1.15,1.18,single breakpoint
admissions,Wales,2020-10-20,estimate,1.13,1.13,0.03,1.09,1.12,1.13,1.14,1.15,1.18,single breakpoint
admissions,Wales,2020-10-21,estimate,1.13,1.13,0.03,1.09,1.12,1.13,1.14,1.15,1.18,single breakpoint
admissions,Wales,2020-10-22,estimate,1.13,1.13,0.03,1.09,1.12,1.13,1.14,1.15,1.18,single breakpoint
admissions,Wales,2020-10-23,estimate,1.13,1.13,0.03,1.09,1.12,1.13,1.14,1.15,1.18,single breakpoint
admissions,South West,2020-10-24,estimate,1.17,1.17,0.03,1.12,1.15,1.16,1.18,1.19,1.22,single breakpoint
admissions,South West,2020-10-25,estimate,1.17,1.17,0.03,1.12,1.15,1.16,1.18,1.19,1.22,single breakpoint
admissions,South West,2020-10-26,estimate,1.17,1.17,0.03,1.12,1.15,1.16,1.18,1.19,1.22,single breakpoint
admissions,South West,2020-10-27,estimate,1.17,1.17,0.03,1.12,1.15,1.16,1.18,1.19,1.22,single breakpoint
admissions,South West,2020-10-28,estimate,1.17,1.17,0.03,1.12,1.15,1.16,1.18,1.19,1.22,single breakpoint
admissions,South West,2020-10-29,estimate,1.17,1.17,0.03,1.12,1.15,1.16,1.18,1.19,1.22,single breakpoint
admissions,South West,2020-10-30,estimate,1.17,1.17,0.03,1.12,1.15,1.16,1.18,1.19,1.22,single breakpoint
admissions,South West,2020-10-31,estimate,1.17,1.17,0.03,1.12,1.15,1.16,1.18,1.19,1.22,single breakpoint
admissions,South West,2020-11-01,estimate,1.17,1.17,0.03,1.12,1.15,1.16,1.18,1.19,1.22,single breakpoint
admissions,South West,2020-11-02,estimate,1.17,1.17,0.03,1.12,1.15,1.16,1.18,1.19,1.22,single breakpoint
admissions,South West,2020-11-03,estimate,1.17,1.17,0.03,1.12,1.15,1.16,1.18,1.19,1.22,single breakpoint
admissions,South West,2020-11-04,estimate,1.17,1.17,0.03,1.12,1.15,1.16,1.18,1.19,1.22,single breakpoint
admissions,South West,2020-11-05,estimate based on partial data,1.17,1.17,0.03,1.12,1.15,1.16,1.18,1.19,1.22,single breakpoint
admissions,South West,2020-11-06,estimate based on partial data,1.17,1.17,0.03,1.12,1.15,1.16,1.18,1.19,1.22,single breakpoint
admissions,South West,2020-11-07,estimate based on partial data,1.17,1.17,0.03,1.12,1.15,1.16,1.18,1.19,1.22,single breakpoint
admissions,South West,2020-11-08,estimate based on partial data,1.17,1.17,0.03,1.12,1.15,1.16,1.18,1.19,1.22,single breakpoint
admissions,South West,2020-11-09,estimate based on partial data,1.17,1.17,0.03,1.12,1.15,1.16,1.18,1.19,1.22,single breakpoint
admissions,South West,2020-11-10,estimate based on partial data,1.17,1.17,0.03,1.12,1.15,1.16,1.18,1.19,1.22,single breakpoint
admissions,South West,2020-11-11,estimate based on partial data,1.17,1.17,0.03,1.12,1.15,1.16,1.18,1.19,1.22,single breakpoint
admissions,South West,2020-11-12,estimate based on partial data,1.17,1.17,0.03,1.12,1.15,1.16,1.18,1.19,1.22,single breakpoint
admissions,South West,2020-11-13,estimate based on partial data,1.17,1.17,0.03,1.12,1.15,1.16,1.18,1.19,1.22,single breakpoint
admissions,South West,2020-11-14,estimate based on partial data,1.17,1.17,0.03,1.12,1.15,1.16,1.18,1.19,1.22,single breakpoint
admissions,South West,2020-11-15,estimate based on partial data,1.17,1.17,0.03,1.12,1.15,1.16,1.18,1.19,1.22,single breakpoint
admissions,South West,2020-10-04,estimate,1.22,1.23,0.03,1.18,1.2,1.22,1.23,1.24,1.28,single breakpoint
admissions,South West,2020-10-05,estimate,1.22,1.23,0.03,1.18,1.2,1.22,1.23,1.24,1.28,single breakpoint
admissions,South West,2020-10-06,estimate,1.22,1.23,0.03,1.18,1.2,1.22,1.23,1.24,1.28,single breakpoint
admissions,South West,2020-10-07,estimate,1.22,1.23,0.03,1.18,1.2,1.22,1.23,1.24,1.28,single breakpoint
admissions,South West,2020-10-08,estimate,1.22,1.23,0.03,1.18,1.2,1.22,1.23,1.24,1.28,single breakpoint
admissions,South West,2020-10-09,estimate,1.22,1.23,0.03,1.18,1.2,1.22,1.23,1.24,1.28,single breakpoint
admissions,South West,2020-10-10,estimate,1.22,1.23,0.03,1.18,1.2,1.22,1.23,1.24,1.28,single breakpoint
admissions,South West,2020-10-11,estimate,1.22,1.23,0.03,1.18,1.2,1.22,1.23,1.24,1.28,single breakpoint
admissions,South West,2020-10-12,estimate,1.22,1.23,0.03,1.18,1.2,1.22,1.23,1.24,1.28,single breakpoint
admissions,South West,2020-10-13,estimate,1.22,1.23,0.03,1.18,1.2,1.22,1.23,1.24,1.28,single breakpoint
admissions,South West,2020-10-14,estimate,1.22,1.23,0.03,1.18,1.2,1.22,1.23,1.24,1.28,single breakpoint
admissions,South West,2020-10-15,estimate,1.22,1.23,0.03,1.18,1.2,1.22,1.23,1.24,1.28,single breakpoint
admissions,South West,2020-10-16,estimate,1.22,1.23,0.03,1.18,1.2,1.22,1.23,1.24,1.28,single breakpoint
admissions,South West,2020-10-17,estimate,1.22,1.23,0.03,1.18,1.2,1.22,1.23,1.24,1.28,single breakpoint
admissions,South West,2020-10-18,estimate,1.22,1.23,0.03,1.18,1.2,1.22,1.23,1.24,1.28,single breakpoint
admissions,South West,2020-10-19,estimate,1.22,1.23,0.03,1.18,1.2,1.22,1.23,1.24,1.28,single breakpoint
admissions,South West,2020-10-20,estimate,1.22,1.23,0.03,1.18,1.2,1.22,1.23,1.24,1.28,single breakpoint
admissions,South West,2020-10-21,estimate,1.22,1.23,0.03,1.18,1.2,1.22,1.23,1.24,1.28,single breakpoint
admissions,South West,2020-10-22,estimate,1.22,1.23,0.03,1.18,1.2,1.22,1.23,1.24,1.28,single breakpoint
admissions,South West,2020-10-23,estimate,1.22,1.23,0.03,1.18,1.2,1.22,1.23,1.24,1.28,single breakpoint
deaths,Wales,2020-10-24,estimate,0.95,0.93,0.15,0.67,0.84,0.91,0.99,1.04,1.14,single breakpoint
deaths,Wales,2020-10-25,estimate,0.95,0.93,0.15,0.67,0.84,0.91,0.99,1.04,1.14,single breakpoint
deaths,Wales,2020-10-26,estimate,0.95,0.93,0.15,0.67,0.84,0.91,0.99,1.04,1.14,single breakpoint
deaths,Wales,2020-10-27,estimate,0.95,0.93,0.15,0.67,0.84,0.91,0.99,1.04,1.14,single breakpoint
deaths,Wales,2020-10-28,estimate based on partial data,0.95,0.93,0.15,0.67,0.84,0.91,0.99,1.04,1.14,single breakpoint
deaths,Wales,2020-10-29,estimate based on partial data,0.95,0.93,0.15,0.67,0.84,0.91,0.99,1.04,1.14,single breakpoint
deaths,Wales,2020-10-30,estimate based on partial data,0.95,0.93,0.15,0.67,0.84,0.91,0.99,1.04,1.14,single breakpoint
deaths,Wales,2020-10-31,estimate based on partial data,0.95,0.93,0.15,0.67,0.84,0.91,0.99,1.04,1.14,single breakpoint
deaths,Wales,2020-11-01,estimate based on partial data,0.95,0.93,0.15,0.67,0.84,0.91,0.99,1.04,1.14,single breakpoint
deaths,Wales,2020-11-02,estimate based on partial data,0.95,0.93,0.15,0.67,0.84,0.91,0.99,1.04,1.14,single breakpoint
deaths,Wales,2020-11-03,estimate based on partial data,0.95,0.93,0.15,0.67,0.84,0.91,0.99,1.04,1.14,single breakpoint
deaths,Wales,2020-11-04,estimate based on partial data,0.95,0.93,0.15,0.67,0.84,0.91,0.99,1.04,1.14,single breakpoint
deaths,Wales,2020-11-05,estimate based on partial data,0.95,0.93,0.15,0.67,0.84,0.91,0.99,1.04,1.14,single breakpoint
deaths,Wales,2020-11-06,estimate based on partial data,0.95,0.93,0.15,0.67,0.84,0.91,0.99,1.04,1.14,single breakpoint
deaths,Wales,2020-11-07,estimate based on partial data,0.95,0.93,0.15,0.67,0.84,0.91,0.99,1.04,1.14,single breakpoint
deaths,Wales,2020-11-08,estimate based on partial data,0.95,0.93,0.15,0.67,0.84,0.91,0.99,1.04,1.14,single breakpoint
deaths,Wales,2020-11-09,estimate based on partial data,0.95,0.93,0.15,0.67,0.84,0.91,0.99,1.04,1.14,single breakpoint
deaths,Wales,2020-11-10,estimate based on partial data,0.95,0.93,0.15,0.67,0.84,0.91,0.99,1.04,1.14,single breakpoint
deaths,Wales,2020-11-11,estimate based on partial data,0.95,0.93,0.15,0.67,0.84,0.91,0.99,1.04,1.14,single breakpoint
deaths,Wales,2020-11-12,estimate based on partial data,0.95,0.93,0.15,0.67,0.84,0.91,0.99,1.04,1.14,single breakpoint
deaths,Wales,2020-11-13,estimate based on partial data,0.95,0.93,0.15,0.67,0.84,0.91,0.99,1.04,1.14,single breakpoint
deaths,Wales,2020-11-14,estimate based on partial data,0.95,0.93,0.15,0.67,0.84,0.91,0.99,1.04,1.14,single breakpoint
deaths,Wales,2020-11-15,estimate based on partial data,0.95,0.93,0.15,0.67,0.84,0.91,0.99,1.04,1.14,single breakpoint
deaths,Wales,2020-11-16,estimate based on partial data,0.95,0.93,0.15,0.67,0.84,0.91,0.99,1.04,1.14,single breakpoint
deaths,Northern Ireland,2020-10-16,estimate,1,0.99,0.1,0.83,0.93,0.97,1.02,1.06,1.15,single breakpoint
deaths,Northern Ireland,2020-10-17,estimate,1,0.99,0.1,0.83,0.93,0.97,1.02,1.06,1.15,single breakpoint
deaths,Northern Ireland,2020-10-18,estimate,1,0.99,0.1,0.83,0.93,0.97,1.02,1.06,1.15,single breakpoint
deaths,Northern Ireland,2020-10-19,estimate,1,0.99,0.1,0.83,0.93,0.97,1.02,1.06,1.15,single breakpoint
deaths,Northern Ireland,2020-10-20,estimate,1,0.99,0.1,0.83,0.93,0.97,1.02,1.06,1.15,single breakpoint
deaths,Northern Ireland,2020-10-21,estimate,1,0.99,0.1,0.83,0.93,0.97,1.02,1.06,1.15,single breakpoint
deaths,Northern Ireland,2020-10-22,estimate,1,0.99,0.1,0.83,0.93,0.97,1.02,1.06,1.15,single breakpoint
deaths,Northern Ireland,2020-10-23,estimate,1,0.99,0.1,0.83,0.93,0.97,1.02,1.06,1.15,single breakpoint
deaths,Northern Ireland,2020-10-24,estimate,1,0.99,0.1,0.83,0.93,0.97,1.02,1.06,1.15,single breakpoint
deaths,Northern Ireland,2020-10-25,estimate,1,0.99,0.1,0.83,0.93,0.97,1.02,1.06,1.15,single breakpoint
deaths,Northern Ireland,2020-10-26,estimate,1,0.99,0.1,0.83,0.93,0.97,1.02,1.06,1.15,single breakpoint
deaths,Northern Ireland,2020-10-27,estimate,1,0.99,0.1,0.83,0.93,0.97,1.02,1.06,1.15,single breakpoint
deaths,Northern Ireland,2020-10-28,estimate based on partial data,1,0.99,0.1,0.83,0.93,0.97,1.02,1.06,1.15,single breakpoint
deaths,Northern Ireland,2020-10-29,estimate based on partial data,1,0.99,0.1,0.83,0.93,0.97,1.02,1.06,1.15,single breakpoint
deaths,Northern Ireland,2020-10-30,estimate based on partial data,1,0.99,0.1,0.83,0.93,0.97,1.02,1.06,1.15,single breakpoint
deaths,Northern Ireland,2020-10-31,estimate based on partial data,1,0.99,0.1,0.83,0.93,0.97,1.02,1.06,1.15,single breakpoint
deaths,Northern Ireland,2020-11-01,estimate based on partial data,1,0.99,0.1,0.83,0.93,0.97,1.02,1.06,1.15,single breakpoint
deaths,Northern Ireland,2020-11-02,estimate based on partial data,1,0.99,0.1,0.83,0.93,0.97,1.02,1.06,1.15,single breakpoint
deaths,Northern Ireland,2020-11-03,estimate based on partial data,1,0.99,0.1,0.83,0.93,0.97,1.02,1.06,1.15,single breakpoint
deaths,Northern Ireland,2020-11-04,estimate based on partial data,1,0.99,0.1,0.83,0.93,0.97,1.02,1.06,1.15,single breakpoint
deaths,Northern Ireland,2020-11-05,estimate based on partial data,1,0.99,0.1,0.83,0.93,0.97,1.02,1.06,1.15,single breakpoint
deaths,Northern Ireland,2020-11-06,estimate based on partial data,1,0.99,0.1,0.83,0.93,0.97,1.02,1.06,1.15,single breakpoint
deaths,Northern Ireland,2020-11-07,estimate based on partial data,1,0.99,0.1,0.83,0.93,0.97,1.02,1.06,1.15,single breakpoint
deaths,Northern Ireland,2020-11-08,estimate based on partial data,1,0.99,0.1,0.83,0.93,0.97,1.02,1.06,1.15,single breakpoint
deaths,Northern Ireland,2020-11-09,estimate based on partial data,1,0.99,0.1,0.83,0.93,0.97,1.02,1.06,1.15,single breakpoint
deaths,Northern Ireland,2020-11-10,estimate based on partial data,1,0.99,0.1,0.83,0.93,0.97,1.02,1.06,1.15,single breakpoint
deaths,Northern Ireland,2020-11-11,estimate based on partial data,1,0.99,0.1,0.83,0.93,0.97,1.02,1.06,1.15,single breakpoint
deaths,Northern Ireland,2020-11-12,estimate based on partial data,1,0.99,0.1,0.83,0.93,0.97,1.02,1.06,1.15,single breakpoint
deaths,Northern Ireland,2020-11-13,estimate based on partial data,1,0.99,0.1,0.83,0.93,0.97,1.02,1.06,1.15,single breakpoint
deaths,Northern Ireland,2020-11-14,estimate based on partial data,1,0.99,0.1,0.83,0.93,0.97,1.02,1.06,1.15,single breakpoint
deaths,Northern Ireland,2020-11-15,estimate based on partial data,1,0.99,0.1,0.83,0.93,0.97,1.02,1.06,1.15,single breakpoint
deaths,Northern Ireland,2020-11-16,estimate based on partial data,1,0.99,0.1,0.83,0.93,0.97,1.02,1.06,1.15,single breakpoint
deaths,South West,2020-10-24,estimate,1.06,1.03,0.13,0.79,0.96,1.02,1.08,1.12,1.2,single breakpoint
deaths,South West,2020-10-25,estimate,1.06,1.03,0.13,0.79,0.96,1.02,1.08,1.12,1.2,single breakpoint
deaths,South West,2020-10-26,estimate,1.06,1.03,0.13,0.79,0.96,1.02,1.08,1.12,1.2,single breakpoint
deaths,South West,2020-10-27,estimate based on partial data,1.06,1.03,0.13,0.79,0.96,1.02,1.08,1.12,1.2,single breakpoint
deaths,South West,2020-10-28,estimate based on partial data,1.06,1.03,0.13,0.79,0.96,1.02,1.08,1.12,1.2,single breakpoint
deaths,South West,2020-10-29,estimate based on partial data,1.06,1.03,0.13,0.79,0.96,1.02,1.08,1.12,1.2,single breakpoint
deaths,South West,2020-10-30,estimate based on partial data,1.06,1.03,0.13,0.79,0.96,1.02,1.08,1.12,1.2,single breakpoint
deaths,South West,2020-10-31,estimate based on partial data,1.06,1.03,0.13,0.79,0.96,1.02,1.08,1.12,1.2,single breakpoint
deaths,South West,2020-11-01,estimate based on partial data,1.06,1.03,0.13,0.79,0.96,1.02,1.08,1.12,1.2,single breakpoint
deaths,South West,2020-11-02,estimate based on partial data,1.06,1.03,0.13,0.79,0.96,1.02,1.08,1.12,1.2,single breakpoint
deaths,South West,2020-11-03,estimate based on partial data,1.06,1.03,0.13,0.79,0.96,1.02,1.08,1.12,1.2,single breakpoint
deaths,South West,2020-11-04,estimate based on partial data,1.06,1.03,0.13,0.79,0.96,1.02,1.08,1.12,1.2,single breakpoint
deaths,South West,2020-11-05,estimate based on partial data,1.06,1.03,0.13,0.79,0.96,1.02,1.08,1.12,1.2,single breakpoint
deaths,South West,2020-11-06,estimate based on partial data,1.06,1.03,0.13,0.79,0.96,1.02,1.08,1.12,1.2,single breakpoint
deaths,South West,2020-11-07,estimate based on partial data,1.06,1.03,0.13,0.79,0.96,1.02,1.08,1.12,1.2,single breakpoint
deaths,South West,2020-11-08,estimate based on partial data,1.06,1.03,0.13,0.79,0.96,1.02,1.08,1.12,1.2,single breakpoint
deaths,South West,2020-11-09,estimate based on partial data,1.06,1.03,0.13,0.79,0.96,1.02,1.08,1.12,1.2,single breakpoint
deaths,South West,2020-11-10,estimate based on partial data,1.06,1.03,0.13,0.79,0.96,1.02,1.08,1.12,1.2,single breakpoint
deaths,South West,2020-11-11,estimate based on partial data,1.06,1.03,0.13,0.79,0.96,1.02,1.08,1.12,1.2,single breakpoint
deaths,South West,2020-11-12,estimate based on partial data,1.06,1.03,0.13,0.79,0.96,1.02,1.08,1.12,1.2,single breakpoint
deaths,South West,2020-11-13,estimate based on partial data,1.06,1.03,0.13,0.79,0.96,1.02,1.08,1.12,1.2,single breakpoint
deaths,South West,2020-11-14,estimate based on partial data,1.06,1.03,0.13,0.79,0.96,1.02,1.08,1.12,1.2,single breakpoint
deaths,South West,2020-11-15,estimate based on partial data,1.06,1.03,0.13,0.79,0.96,1.02,1.08,1.12,1.2,single breakpoint
deaths,Wales,2020-10-05,estimate,1.12,1.12,0.08,0.99,1.06,1.1,1.14,1.17,1.26,single breakpoint
deaths,Wales,2020-10-06,estimate,1.12,1.12,0.08,0.99,1.06,1.1,1.14,1.17,1.26,single breakpoint
deaths,Wales,2020-10-07,estimate,1.12,1.12,0.08,0.99,1.06,1.1,1.14,1.17,1.26,single breakpoint
deaths,Wales,2020-10-08,estimate,1.12,1.12,0.08,0.99,1.06,1.1,1.14,1.17,1.26,single breakpoint
deaths,Wales,2020-10-09,estimate,1.12,1.12,0.08,0.99,1.06,1.1,1.14,1.17,1.26,single breakpoint
deaths,Wales,2020-10-10,estimate,1.12,1.12,0.08,0.99,1.06,1.1,1.14,1.17,1.26,single breakpoint
deaths,Wales,2020-10-11,estimate,1.12,1.12,0.08,0.99,1.06,1.1,1.14,1.17,1.26,single breakpoint
deaths,Wales,2020-10-12,estimate,1.12,1.12,0.08,0.99,1.06,1.1,1.14,1.17,1.26,single breakpoint
deaths,Wales,2020-10-13,estimate,1.12,1.12,0.08,0.99,1.06,1.1,1.14,1.17,1.26,single breakpoint
deaths,Wales,2020-10-14,estimate,1.12,1.12,0.08,0.99,1.06,1.1,1.14,1.17,1.26,single breakpoint
deaths,Wales,2020-10-15,estimate,1.12,1.12,0.08,0.99,1.06,1.1,1.14,1.17,1.26,single breakpoint
deaths,Wales,2020-10-16,estimate,1.12,1.12,0.08,0.99,1.06,1.1,1.14,1.17,1.26,single breakpoint
deaths,Wales,2020-10-17,estimate,1.12,1.12,0.08,0.99,1.06,1.1,1.14,1.17,1.26,single breakpoint
deaths,Wales,2020-10-18,estimate,1.12,1.12,0.08,0.99,1.06,1.1,1.14,1.17,1.26,single breakpoint
deaths,Wales,2020-10-19,estimate,1.12,1.12,0.08,0.99,1.06,1.1,1.14,1.17,1.26,single breakpoint
deaths,Wales,2020-10-20,estimate,1.12,1.12,0.08,0.99,1.06,1.1,1.14,1.17,1.26,single breakpoint
deaths,Wales,2020-10-21,estimate,1.12,1.12,0.08,0.99,1.06,1.1,1.14,1.17,1.26,single breakpoint
deaths,Wales,2020-10-22,estimate,1.12,1.12,0.08,0.99,1.06,1.1,1.14,1.17,1.26,single breakpoint
deaths,Wales,2020-10-23,estimate,1.12,1.12,0.08,0.99,1.06,1.1,1.14,1.17,1.26,single breakpoint
deaths,Northern Ireland,2020-10-05,estimate,1.12,1.13,0.12,0.96,1.05,1.09,1.15,1.2,1.35,single breakpoint
deaths,Northern Ireland,2020-10-06,estimate,1.12,1.13,0.12,0.96,1.05,1.09,1.15,1.2,1.35,single breakpoint
deaths,Northern Ireland,2020-10-07,estimate,1.12,1.13,0.12,0.96,1.05,1.09,1.15,1.2,1.35,single breakpoint
deaths,Northern Ireland,2020-10-08,estimate,1.12,1.13,0.12,0.96,1.05,1.09,1.15,1.2,1.35,single breakpoint
deaths,Northern Ireland,2020-10-09,estimate,1.12,1.13,0.12,0.96,1.05,1.09,1.15,1.2,1.35,single breakpoint
deaths,Northern Ireland,2020-10-10,estimate,1.12,1.13,0.12,0.96,1.05,1.09,1.15,1.2,1.35,single breakpoint
deaths,Northern Ireland,2020-10-11,estimate,1.12,1.13,0.12,0.96,1.05,1.09,1.15,1.2,1.35,single breakpoint
deaths,Northern Ireland,2020-10-12,estimate,1.12,1.13,0.12,0.96,1.05,1.09,1.15,1.2,1.35,single breakpoint
deaths,Northern Ireland,2020-10-13,estimate,1.12,1.13,0.12,0.96,1.05,1.09,1.15,1.2,1.35,single breakpoint
deaths,Northern Ireland,2020-10-14,estimate,1.12,1.13,0.12,0.96,1.05,1.09,1.15,1.2,1.35,single breakpoint
deaths,Northern Ireland,2020-10-15,estimate,1.12,1.13,0.12,0.96,1.05,1.09,1.15,1.2,1.35,single breakpoint
deaths,South West,2020-10-04,estimate,1.17,1.18,0.07,1.07,1.13,1.15,1.19,1.22,1.3,single breakpoint
deaths,South West,2020-10-05,estimate,1.17,1.18,0.07,1.07,1.13,1.15,1.19,1.22,1.3,single breakpoint
deaths,South West,2020-10-06,estimate,1.17,1.18,0.07,1.07,1.13,1.15,1.19,1.22,1.3,single breakpoint
deaths,South West,2020-10-07,estimate,1.17,1.18,0.07,1.07,1.13,1.15,1.19,1.22,1.3,single breakpoint
deaths,South West,2020-10-08,estimate,1.17,1.18,0.07,1.07,1.13,1.15,1.19,1.22,1.3,single breakpoint
deaths,South West,2020-10-09,estimate,1.17,1.18,0.07,1.07,1.13,1.15,1.19,1.22,1.3,single breakpoint
deaths,South West,2020-10-10,estimate,1.17,1.18,0.07,1.07,1.13,1.15,1.19,1.22,1.3,single breakpoint
deaths,South West,2020-10-11,estimate,1.17,1.18,0.07,1.07,1.13,1.15,1.19,1.22,1.3,single breakpoint
deaths,South West,2020-10-12,estimate,1.17,1.18,0.07,1.07,1.13,1.15,1.19,1.22,1.3,single breakpoint
deaths,South West,2020-10-13,estimate,1.17,1.18,0.07,1.07,1.13,1.15,1.19,1.22,1.3,single breakpoint
deaths,South West,2020-10-14,estimate,1.17,1.18,0.07,1.07,1.13,1.15,1.19,1.22,1.3,single breakpoint
deaths,South West,2020-10-15,estimate,1.17,1.18,0.07,1.07,1.13,1.15,1.19,1.22,1.3,single breakpoint
deaths,South West,2020-10-16,estimate,1.17,1.18,0.07,1.07,1.13,1.15,1.19,1.22,1.3,single breakpoint
deaths,South West,2020-10-17,estimate,1.17,1.18,0.07,1.07,1.13,1.15,1.19,1.22,1.3,single breakpoint
deaths,South West,2020-10-18,estimate,1.17,1.18,0.07,1.07,1.13,1.15,1.19,1.22,1.3,single breakpoint
deaths,South West,2020-10-19,estimate,1.17,1.18,0.07,1.07,1.13,1.15,1.19,1.22,1.3,single breakpoint
deaths,South West,2020-10-20,estimate,1.17,1.18,0.07,1.07,1.13,1.15,1.19,1.22,1.3,single breakpoint
deaths,South West,2020-10-21,estimate,1.17,1.18,0.07,1.07,1.13,1.15,1.19,1.22,1.3,single breakpoint
deaths,South West,2020-10-22,estimate,1.17,1.18,0.07,1.07,1.13,1.15,1.19,1.22,1.3,single breakpoint
deaths,South West,2020-10-23,estimate,1.17,1.18,0.07,1.07,1.13,1.15,1.19,1.22,1.3,single breakpoint
cases,Wales,2020-10-24,estimate,0.83,0.83,0.02,0.8,0.82,0.83,0.84,0.85,0.87,random walk + breakpoint
cases,Wales,2020-10-25,estimate,0.83,0.83,0.02,0.8,0.82,0.83,0.84,0.85,0.87,random walk + breakpoint
cases,Wales,2020-10-26,estimate,0.83,0.83,0.02,0.8,0.82,0.83,0.84,0.85,0.87,random walk + breakpoint
cases,Wales,2020-10-27,estimate,0.83,0.83,0.02,0.8,0.82,0.83,0.84,0.85,0.87,random walk + breakpoint
cases,Wales,2020-10-28,estimate,0.83,0.83,0.02,0.8,0.82,0.83,0.84,0.85,0.87,random walk + breakpoint
cases,Wales,2020-10-29,estimate,0.83,0.83,0.02,0.8,0.82,0.83,0.84,0.85,0.87,random walk + breakpoint
cases,Wales,2020-10-30,estimate,0.83,0.83,0.02,0.8,0.82,0.83,0.84,0.85,0.87,random walk + breakpoint
cases,Wales,2020-10-31,estimate,0.83,0.83,0.02,0.8,0.82,0.83,0.84,0.85,0.87,random walk + breakpoint
cases,Wales,2020-11-01,estimate,0.83,0.83,0.02,0.8,0.82,0.83,0.84,0.85,0.87,random walk + breakpoint
cases,Wales,2020-11-02,estimate,0.83,0.83,0.02,0.8,0.82,0.83,0.84,0.85,0.87,random walk + breakpoint
cases,Wales,2020-11-03,estimate,0.83,0.83,0.02,0.8,0.82,0.83,0.84,0.85,0.87,random walk + breakpoint
cases,Wales,2020-11-04,estimate,0.83,0.83,0.02,0.8,0.82,0.83,0.84,0.85,0.87,random walk + breakpoint
cases,Wales,2020-11-05,estimate,0.83,0.83,0.02,0.8,0.82,0.83,0.84,0.85,0.87,random walk + breakpoint
cases,Wales,2020-11-06,estimate based on partial data,0.83,0.83,0.02,0.8,0.82,0.83,0.84,0.85,0.87,random walk + breakpoint
cases,Wales,2020-11-07,estimate based on partial data,0.83,0.83,0.02,0.8,0.82,0.83,0.84,0.85,0.87,random walk + breakpoint
cases,Wales,2020-11-08,estimate based on partial data,0.83,0.83,0.02,0.8,0.82,0.83,0.84,0.85,0.87,random walk + breakpoint
cases,Wales,2020-11-09,estimate based on partial data,0.83,0.83,0.02,0.8,0.82,0.83,0.84,0.85,0.87,random walk + breakpoint
cases,Wales,2020-11-10,estimate based on partial data,0.83,0.83,0.02,0.8,0.82,0.83,0.84,0.85,0.87,random walk + breakpoint
cases,Wales,2020-11-11,estimate based on partial data,0.83,0.83,0.02,0.8,0.82,0.83,0.84,0.85,0.87,random walk + breakpoint
cases,Wales,2020-11-12,estimate based on partial data,0.83,0.83,0.02,0.8,0.82,0.83,0.84,0.85,0.87,random walk + breakpoint
cases,Wales,2020-11-13,estimate based on partial data,0.83,0.83,0.02,0.8,0.82,0.83,0.84,0.85,0.87,random walk + breakpoint
cases,Wales,2020-11-14,estimate based on partial data,0.83,0.83,0.02,0.8,0.82,0.83,0.84,0.85,0.87,random walk + breakpoint
cases,Wales,2020-11-15,estimate based on partial data,0.83,0.83,0.02,0.8,0.82,0.83,0.84,0.85,0.87,random walk + breakpoint
cases,Wales,2020-11-16,estimate based on partial data,0.83,0.83,0.02,0.8,0.82,0.83,0.84,0.85,0.87,random walk + breakpoint
cases,Northern Ireland,2020-10-16,estimate,0.9,0.9,0.01,0.88,0.89,0.9,0.9,0.91,0.92,random walk + breakpoint
cases,Northern Ireland,2020-10-17,estimate,0.9,0.9,0.01,0.88,0.89,0.9,0.9,0.91,0.92,random walk + breakpoint
cases,Northern Ireland,2020-10-18,estimate,0.9,0.9,0.01,0.88,0.89,0.9,0.9,0.91,0.92,random walk + breakpoint
cases,Northern Ireland,2020-10-19,estimate,0.9,0.9,0.01,0.88,0.89,0.9,0.9,0.91,0.92,random walk + breakpoint
cases,Northern Ireland,2020-10-20,estimate,0.9,0.9,0.01,0.88,0.89,0.9,0.9,0.91,0.92,random walk + breakpoint
cases,Northern Ireland,2020-10-21,estimate,0.9,0.9,0.01,0.88,0.89,0.9,0.9,0.91,0.92,random walk + breakpoint
cases,Northern Ireland,2020-10-22,estimate,0.9,0.9,0.01,0.88,0.89,0.9,0.9,0.91,0.92,random walk + breakpoint
cases,Northern Ireland,2020-10-23,estimate,0.9,0.9,0.01,0.88,0.89,0.9,0.9,0.91,0.92,random walk + breakpoint
cases,Northern Ireland,2020-10-24,estimate,0.9,0.9,0.01,0.88,0.89,0.9,0.9,0.91,0.92,random walk + breakpoint
cases,Northern Ireland,2020-10-25,estimate,0.9,0.9,0.01,0.88,0.89,0.9,0.9,0.91,0.92,random walk + breakpoint
cases,Northern Ireland,2020-10-26,estimate,0.9,0.9,0.01,0.88,0.89,0.9,0.9,0.91,0.92,random walk + breakpoint
cases,Northern Ireland,2020-10-27,estimate,0.9,0.9,0.01,0.88,0.89,0.9,0.9,0.91,0.92,random walk + breakpoint
cases,Northern Ireland,2020-10-28,estimate,0.9,0.9,0.01,0.88,0.89,0.9,0.9,0.91,0.92,random walk + breakpoint
cases,Northern Ireland,2020-10-29,estimate,0.9,0.9,0.01,0.88,0.89,0.9,0.9,0.91,0.92,random walk + breakpoint
cases,Northern Ireland,2020-10-30,estimate,0.9,0.9,0.01,0.88,0.89,0.9,0.9,0.91,0.92,random walk + breakpoint
cases,Northern Ireland,2020-10-31,estimate,0.9,0.9,0.01,0.88,0.89,0.9,0.9,0.91,0.92,random walk + breakpoint
cases,Northern Ireland,2020-11-01,estimate,0.9,0.9,0.01,0.88,0.89,0.9,0.9,0.91,0.92,random walk + breakpoint
cases,Northern Ireland,2020-11-02,estimate,0.9,0.9,0.01,0.88,0.89,0.9,0.9,0.91,0.92,random walk + breakpoint
cases,Northern Ireland,2020-11-03,estimate,0.9,0.9,0.01,0.88,0.89,0.9,0.9,0.91,0.92,random walk + breakpoint
cases,Northern Ireland,2020-11-04,estimate,0.9,0.9,0.01,0.88,0.89,0.9,0.9,0.91,0.92,random walk + breakpoint
cases,Northern Ireland,2020-11-05,estimate,0.9,0.9,0.01,0.88,0.89,0.9,0.9,0.91,0.92,random walk + breakpoint
cases,Northern Ireland,2020-11-06,estimate based on partial data,0.9,0.9,0.01,0.88,0.89,0.9,0.9,0.91,0.92,random walk + breakpoint
cases,Northern Ireland,2020-11-07,estimate based on partial data,0.9,0.9,0.01,0.88,0.89,0.9,0.9,0.91,0.92,random walk + breakpoint
cases,Northern Ireland,2020-11-08,estimate based on partial data,0.9,0.9,0.01,0.88,0.89,0.9,0.9,0.91,0.92,random walk + breakpoint
cases,Northern Ireland,2020-11-09,estimate based on partial data,0.9,0.9,0.01,0.88,0.89,0.9,0.9,0.91,0.92,random walk + breakpoint
cases,Northern Ireland,2020-11-10,estimate based on partial data,0.9,0.9,0.01,0.88,0.89,0.9,0.9,0.91,0.92,random walk + breakpoint
cases,Northern Ireland,2020-11-11,estimate based on partial data,0.9,0.9,0.01,0.88,0.89,0.9,0.9,0.91,0.92,random walk + breakpoint
cases,Northern Ireland,2020-11-12,estimate based on partial data,0.9,0.9,0.01,0.88,0.89,0.9,0.9,0.91,0.92,random walk + breakpoint
cases,Northern Ireland,2020-11-13,estimate based on partial data,0.9,0.9,0.01,0.88,0.89,0.9,0.9,0.91,0.92,random walk + breakpoint
cases,Northern Ireland,2020-11-14,estimate based on partial data,0.9,0.9,0.01,0.88,0.89,0.9,0.9,0.91,0.92,random walk + breakpoint
cases,Northern Ireland,2020-11-15,estimate based on partial data,0.9,0.9,0.01,0.88,0.89,0.9,0.9,0.91,0.92,random walk + breakpoint
cases,Northern Ireland,2020-11-16,estimate based on partial data,0.9,0.9,0.01,0.88,0.89,0.9,0.9,0.91,0.92,random walk + breakpoint
cases,Northern Ireland,2020-10-05,estimate,0.94,0.95,0.03,0.9,0.92,0.93,0.95,0.97,1,random walk + breakpoint
cases,Northern Ireland,2020-10-06,estimate,0.94,0.95,0.03,0.9,0.92,0.93,0.95,0.97,1,random walk + breakpoint
cases,Northern Ireland,2020-10-07,estimate,0.94,0.95,0.03,0.9,0.92,0.93,0.95,0.97,1,random walk + breakpoint
cases,Northern Ireland,2020-10-08,estimate,0.94,0.95,0.03,0.9,0.92,0.93,0.95,0.97,1,random walk + breakpoint
cases,Northern Ireland,2020-10-09,estimate,0.94,0.95,0.03,0.9,0.92,0.93,0.95,0.97,1,random walk + breakpoint
cases,Northern Ireland,2020-10-10,estimate,0.94,0.95,0.03,0.9,0.92,0.93,0.95,0.97,1,random walk + breakpoint
cases,Northern Ireland,2020-10-11,estimate,0.94,0.95,0.03,0.9,0.92,0.93,0.95,0.97,1,random walk + breakpoint
cases,Northern Ireland,2020-10-12,estimate,0.94,0.95,0.03,0.9,0.92,0.93,0.95,0.97,1,random walk + breakpoint
cases,Northern Ireland,2020-10-13,estimate,0.94,0.95,0.03,0.9,0.92,0.93,0.95,0.97,1,random walk + breakpoint
cases,Northern Ireland,2020-10-14,estimate,0.94,0.95,0.03,0.9,0.92,0.93,0.95,0.97,1,random walk + breakpoint
cases,Northern Ireland,2020-10-15,estimate,0.94,0.95,0.03,0.9,0.92,0.93,0.95,0.97,1,random walk + breakpoint
cases,Wales,2020-10-05,estimate,1.03,1.03,0.07,0.93,0.99,1.02,1.05,1.07,1.14,random walk + breakpoint
cases,Wales,2020-10-06,estimate,1.03,1.03,0.07,0.93,0.99,1.02,1.05,1.07,1.14,random walk + breakpoint
cases,Wales,2020-10-07,estimate,1.03,1.03,0.07,0.93,0.99,1.02,1.05,1.07,1.14,random walk + breakpoint
cases,Wales,2020-10-08,estimate,1.03,1.03,0.07,0.93,0.99,1.02,1.05,1.07,1.14,random walk + breakpoint
cases,Wales,2020-10-09,estimate,1.03,1.03,0.07,0.93,0.99,1.02,1.05,1.07,1.14,random walk + breakpoint
cases,Wales,2020-10-10,estimate,1.03,1.03,0.07,0.93,0.99,1.02,1.05,1.07,1.14,random walk + breakpoint
cases,South West,2020-10-24,estimate,1.04,1.04,0.02,1.01,1.03,1.04,1.05,1.06,1.08,random walk + breakpoint
cases,South West,2020-10-25,estimate,1.04,1.04,0.02,1.01,1.03,1.04,1.05,1.06,1.08,random walk + breakpoint
cases,South West,2020-10-26,estimate,1.04,1.04,0.02,1.01,1.03,1.04,1.05,1.06,1.08,random walk + breakpoint
cases,South West,2020-10-27,estimate,1.04,1.04,0.02,1.01,1.03,1.04,1.05,1.06,1.08,random walk + breakpoint
cases,South West,2020-10-28,estimate,1.04,1.04,0.02,1.01,1.03,1.04,1.05,1.06,1.08,random walk + breakpoint
cases,South West,2020-10-29,estimate,1.04,1.04,0.02,1.01,1.03,1.04,1.05,1.06,1.08,random walk + breakpoint
cases,South West,2020-10-30,estimate,1.04,1.04,0.02,1.01,1.03,1.04,1.05,1.06,1.08,random walk + breakpoint
cases,South West,2020-10-31,estimate,1.04,1.04,0.02,1.01,1.03,1.04,1.05,1.06,1.08,random walk + breakpoint
cases,South West,2020-11-01,estimate,1.04,1.04,0.02,1.01,1.03,1.04,1.05,1.06,1.08,random walk + breakpoint
cases,South West,2020-11-02,estimate,1.04,1.04,0.02,1.01,1.03,1.04,1.05,1.06,1.08,random walk + breakpoint
cases,South West,2020-11-03,estimate,1.04,1.04,0.02,1.01,1.03,1.04,1.05,1.06,1.08,random walk + breakpoint
cases,South West,2020-11-04,estimate,1.04,1.04,0.02,1.01,1.03,1.04,1.05,1.06,1.08,random walk + breakpoint
cases,South West,2020-11-05,estimate based on partial data,1.04,1.04,0.02,1.01,1.03,1.04,1.05,1.06,1.08,random walk + breakpoint
cases,South West,2020-11-06,estimate based on partial data,1.04,1.04,0.02,1.01,1.03,1.04,1.05,1.06,1.08,random walk + breakpoint
cases,South West,2020-11-07,estimate based on partial data,1.04,1.04,0.02,1.01,1.03,1.04,1.05,1.06,1.08,random walk + breakpoint
cases,South West,2020-11-08,estimate based on partial data,1.04,1.04,0.02,1.01,1.03,1.04,1.05,1.06,1.08,random walk + breakpoint
cases,South West,2020-11-09,estimate based on partial data,1.04,1.04,0.02,1.01,1.03,1.04,1.05,1.06,1.08,random walk + breakpoint
cases,South West,2020-11-10,estimate based on partial data,1.04,1.04,0.02,1.01,1.03,1.04,1.05,1.06,1.08,random walk + breakpoint
cases,South West,2020-11-11,estimate based on partial data,1.04,1.04,0.02,1.01,1.03,1.04,1.05,1.06,1.08,random walk + breakpoint
cases,South West,2020-11-12,estimate based on partial data,1.04,1.04,0.02,1.01,1.03,1.04,1.05,1.06,1.08,random walk + breakpoint
cases,South West,2020-11-13,estimate based on partial data,1.04,1.04,0.02,1.01,1.03,1.04,1.05,1.06,1.08,random walk + breakpoint
cases,South West,2020-11-14,estimate based on partial data,1.04,1.04,0.02,1.01,1.03,1.04,1.05,1.06,1.08,random walk + breakpoint
cases,South West,2020-11-15,estimate based on partial data,1.04,1.04,0.02,1.01,1.03,1.04,1.05,1.06,1.08,random walk + breakpoint
cases,South West,2020-10-04,estimate,1.1,1.09,0.05,0.99,1.06,1.08,1.11,1.13,1.17,random walk + breakpoint
cases,South West,2020-10-05,estimate,1.1,1.09,0.05,0.99,1.06,1.08,1.11,1.13,1.17,random walk + breakpoint
cases,South West,2020-10-06,estimate,1.1,1.09,0.05,0.99,1.06,1.08,1.11,1.13,1.17,random walk + breakpoint
cases,South West,2020-10-07,estimate,1.1,1.09,0.05,0.99,1.06,1.08,1.11,1.13,1.17,random walk + breakpoint
cases,South West,2020-10-08,estimate,1.1,1.09,0.05,0.99,1.06,1.08,1.11,1.13,1.17,random walk + breakpoint
cases,South West,2020-10-09,estimate,1.1,1.09,0.05,0.99,1.06,1.08,1.11,1.13,1.17,random walk + breakpoint
cases,South West,2020-10-10,estimate,1.1,1.09,0.05,0.99,1.06,1.08,1.11,1.13,1.17,random walk + breakpoint
cases,South West,2020-10-18,estimate,1.1,1.1,0.04,1.04,1.08,1.09,1.11,1.13,1.17,random walk + breakpoint
cases,South West,2020-10-19,estimate,1.1,1.1,0.04,1.04,1.08,1.09,1.11,1.13,1.17,random walk + breakpoint
cases,South West,2020-10-20,estimate,1.1,1.1,0.04,1.04,1.08,1.09,1.11,1.13,1.17,random walk + breakpoint
cases,South West,2020-10-21,estimate,1.1,1.1,0.04,1.04,1.08,1.09,1.11,1.13,1.17,random walk + breakpoint
cases,South West,2020-10-22,estimate,1.1,1.1,0.04,1.04,1.08,1.09,1.11,1.13,1.17,random walk + breakpoint
cases,South West,2020-10-23,estimate,1.1,1.1,0.04,1.04,1.08,1.09,1.11,1.13,1.17,random walk + breakpoint
cases,Wales,2020-10-18,estimate,1.12,1.12,0.06,1.03,1.08,1.11,1.13,1.16,1.22,random walk + breakpoint
cases,Wales,2020-10-19,estimate,1.12,1.12,0.06,1.03,1.08,1.11,1.13,1.16,1.22,random walk + breakpoint
cases,Wales,2020-10-20,estimate,1.12,1.12,0.06,1.03,1.08,1.11,1.13,1.16,1.22,random walk + breakpoint
cases,Wales,2020-10-21,estimate,1.12,1.12,0.06,1.03,1.08,1.11,1.13,1.16,1.22,random walk + breakpoint
cases,Wales,2020-10-22,estimate,1.12,1.12,0.06,1.03,1.08,1.11,1.13,1.16,1.22,random walk + breakpoint
cases,Wales,2020-10-23,estimate,1.12,1.12,0.06,1.03,1.08,1.11,1.13,1.16,1.22,random walk + breakpoint
cases,South West,2020-10-11,estimate,1.16,1.17,0.05,1.09,1.13,1.15,1.17,1.19,1.26,random walk + breakpoint
cases,South West,2020-10-12,estimate,1.16,1.17,0.05,1.09,1.13,1.15,1.17,1.19,1.26,random walk + breakpoint
cases,South West,2020-10-13,estimate,1.16,1.17,0.05,1.09,1.13,1.15,1.17,1.19,1.26,random walk + breakpoint
cases,South West,2020-10-14,estimate,1.16,1.17,0.05,1.09,1.13,1.15,1.17,1.19,1.26,random walk + breakpoint
cases,South West,2020-10-15,estimate,1.16,1.17,0.05,1.09,1.13,1.15,1.17,1.19,1.26,random walk + breakpoint
cases,South West,2020-10-16,estimate,1.16,1.17,0.05,1.09,1.13,1.15,1.17,1.19,1.26,random walk + breakpoint
cases,South West,2020-10-17,estimate,1.16,1.17,0.05,1.09,1.13,1.15,1.17,1.19,1.26,random walk + breakpoint
cases,Wales,2020-10-11,estimate,1.17,1.17,0.06,1.08,1.13,1.15,1.18,1.2,1.26,random walk + breakpoint
cases,Wales,2020-10-12,estimate,1.17,1.17,0.06,1.08,1.13,1.15,1.18,1.2,1.26,random walk + breakpoint
cases,Wales,2020-10-13,estimate,1.17,1.17,0.06,1.08,1.13,1.15,1.18,1.2,1.26,random walk + breakpoint
cases,Wales,2020-10-14,estimate,1.17,1.17,0.06,1.08,1.13,1.15,1.18,1.2,1.26,random walk + breakpoint
cases,Wales,2020-10-15,estimate,1.17,1.17,0.06,1.08,1.13,1.15,1.18,1.2,1.26,random walk + breakpoint
cases,Wales,2020-10-16,estimate,1.17,1.17,0.06,1.08,1.13,1.15,1.18,1.2,1.26,random walk + breakpoint
cases,Wales,2020-10-17,estimate,1.17,1.17,0.06,1.08,1.13,1.15,1.18,1.2,1.26,random walk + breakpoint
admissions,Northern Ireland,2020-10-16,estimate,0.91,0.91,0.05,0.83,0.88,0.9,0.93,0.95,0.99,random walk + breakpoint
admissions,Northern Ireland,2020-10-17,estimate,0.91,0.91,0.05,0.83,0.88,0.9,0.93,0.95,0.99,random walk + breakpoint
admissions,Northern Ireland,2020-10-18,estimate,0.91,0.91,0.05,0.83,0.88,0.9,0.93,0.95,0.99,random walk + breakpoint
admissions,Northern Ireland,2020-10-19,estimate,0.91,0.91,0.05,0.83,0.88,0.9,0.93,0.95,0.99,random walk + breakpoint
admissions,Northern Ireland,2020-10-20,estimate,0.91,0.91,0.05,0.83,0.88,0.9,0.93,0.95,0.99,random walk + breakpoint
admissions,Northern Ireland,2020-10-21,estimate,0.91,0.91,0.05,0.83,0.88,0.9,0.93,0.95,0.99,random walk + breakpoint
admissions,Northern Ireland,2020-10-22,estimate,0.91,0.91,0.05,0.83,0.88,0.9,0.93,0.95,0.99,random walk + breakpoint
admissions,Northern Ireland,2020-10-23,estimate,0.91,0.91,0.05,0.83,0.88,0.9,0.93,0.95,0.99,random walk + breakpoint
admissions,Northern Ireland,2020-10-24,estimate,0.91,0.91,0.05,0.83,0.88,0.9,0.93,0.95,0.99,random walk + breakpoint
admissions,Northern Ireland,2020-10-25,estimate,0.91,0.91,0.05,0.83,0.88,0.9,0.93,0.95,0.99,random walk + breakpoint
admissions,Northern Ireland,2020-10-26,estimate,0.91,0.91,0.05,0.83,0.88,0.9,0.93,0.95,0.99,random walk + breakpoint
admissions,Northern Ireland,2020-10-27,estimate,0.91,0.91,0.05,0.83,0.88,0.9,0.93,0.95,0.99,random walk + breakpoint
admissions,Northern Ireland,2020-10-28,estimate,0.91,0.91,0.05,0.83,0.88,0.9,0.93,0.95,0.99,random walk + breakpoint
admissions,Northern Ireland,2020-10-29,estimate,0.91,0.91,0.05,0.83,0.88,0.9,0.93,0.95,0.99,random walk + breakpoint
admissions,Northern Ireland,2020-10-30,estimate,0.91,0.91,0.05,0.83,0.88,0.9,0.93,0.95,0.99,random walk + breakpoint
admissions,Northern Ireland,2020-10-31,estimate,0.91,0.91,0.05,0.83,0.88,0.9,0.93,0.95,0.99,random walk + breakpoint
admissions,Northern Ireland,2020-11-01,estimate,0.91,0.91,0.05,0.83,0.88,0.9,0.93,0.95,0.99,random walk + breakpoint
admissions,Northern Ireland,2020-11-02,estimate,0.91,0.91,0.05,0.83,0.88,0.9,0.93,0.95,0.99,random walk + breakpoint
admissions,Northern Ireland,2020-11-03,estimate,0.91,0.91,0.05,0.83,0.88,0.9,0.93,0.95,0.99,random walk + breakpoint
admissions,Northern Ireland,2020-11-04,estimate,0.91,0.91,0.05,0.83,0.88,0.9,0.93,0.95,0.99,random walk + breakpoint
admissions,Northern Ireland,2020-11-05,estimate,0.91,0.91,0.05,0.83,0.88,0.9,0.93,0.95,0.99,random walk + breakpoint
admissions,Northern Ireland,2020-11-06,estimate based on partial data,0.91,0.91,0.05,0.83,0.88,0.9,0.93,0.95,0.99,random walk + breakpoint
admissions,Northern Ireland,2020-11-07,estimate based on partial data,0.91,0.91,0.05,0.83,0.88,0.9,0.93,0.95,0.99,random walk + breakpoint
admissions,Northern Ireland,2020-11-08,estimate based on partial data,0.91,0.91,0.05,0.83,0.88,0.9,0.93,0.95,0.99,random walk + breakpoint
admissions,Northern Ireland,2020-11-09,estimate based on partial data,0.91,0.91,0.05,0.83,0.88,0.9,0.93,0.95,0.99,random walk + breakpoint
admissions,Northern Ireland,2020-11-10,estimate based on partial data,0.91,0.91,0.05,0.83,0.88,0.9,0.93,0.95,0.99,random walk + breakpoint
admissions,Northern Ireland,2020-11-11,estimate based on partial data,0.91,0.91,0.05,0.83,0.88,0.9,0.93,0.95,0.99,random walk + breakpoint
admissions,Northern Ireland,2020-11-12,estimate based on partial data,0.91,0.91,0.05,0.83,0.88,0.9,0.93,0.95,0.99,random walk + breakpoint
admissions,Northern Ireland,2020-11-13,estimate based on partial data,0.91,0.91,0.05,0.83,0.88,0.9,0.93,0.95,0.99,random walk + breakpoint
admissions,Northern Ireland,2020-11-14,estimate based on partial data,0.91,0.91,0.05,0.83,0.88,0.9,0.93,0.95,0.99,random walk + breakpoint
admissions,Northern Ireland,2020-11-15,estimate based on partial data,0.91,0.91,0.05,0.83,0.88,0.9,0.93,0.95,0.99,random walk + breakpoint
admissions,Northern Ireland,2020-11-16,estimate based on partial data,0.91,0.91,0.05,0.83,0.88,0.9,0.93,0.95,0.99,random walk + breakpoint
admissions,Wales,2020-10-24,estimate,0.95,0.95,0.03,0.91,0.93,0.95,0.96,0.97,1,random walk + breakpoint
admissions,Wales,2020-10-25,estimate,0.95,0.95,0.03,0.91,0.93,0.95,0.96,0.97,1,random walk + breakpoint
admissions,Wales,2020-10-26,estimate,0.95,0.95,0.03,0.91,0.93,0.95,0.96,0.97,1,random walk + breakpoint
admissions,Wales,2020-10-27,estimate,0.95,0.95,0.03,0.91,0.93,0.95,0.96,0.97,1,random walk + breakpoint
admissions,Wales,2020-10-28,estimate,0.95,0.95,0.03,0.91,0.93,0.95,0.96,0.97,1,random walk + breakpoint
admissions,Wales,2020-10-29,estimate,0.95,0.95,0.03,0.91,0.93,0.95,0.96,0.97,1,random walk + breakpoint
admissions,Wales,2020-10-30,estimate,0.95,0.95,0.03,0.91,0.93,0.95,0.96,0.97,1,random walk + breakpoint
admissions,Wales,2020-10-31,estimate,0.95,0.95,0.03,0.91,0.93,0.95,0.96,0.97,1,random walk + breakpoint
admissions,Wales,2020-11-01,estimate,0.95,0.95,0.03,0.91,0.93,0.95,0.96,0.97,1,random walk + breakpoint
admissions,Wales,2020-11-02,estimate,0.95,0.95,0.03,0.91,0.93,0.95,0.96,0.97,1,random walk + breakpoint
admissions,Wales,2020-11-03,estimate,0.95,0.95,0.03,0.91,0.93,0.95,0.96,0.97,1,random walk + breakpoint
admissions,Wales,2020-11-04,estimate,0.95,0.95,0.03,0.91,0.93,0.95,0.96,0.97,1,random walk + breakpoint
admissions,Wales,2020-11-05,estimate,0.95,0.95,0.03,0.91,0.93,0.95,0.96,0.97,1,random walk + breakpoint
admissions,Wales,2020-11-06,estimate based on partial data,0.95,0.95,0.03,0.91,0.93,0.95,0.96,0.97,1,random walk + breakpoint
admissions,Wales,2020-11-07,estimate based on partial data,0.95,0.95,0.03,0.91,0.93,0.95,0.96,0.97,1,random walk + breakpoint
admissions,Wales,2020-11-08,estimate based on partial data,0.95,0.95,0.03,0.91,0.93,0.95,0.96,0.97,1,random walk + breakpoint
admissions,Wales,2020-11-09,estimate based on partial data,0.95,0.95,0.03,0.91,0.93,0.95,0.96,0.97,1,random walk + breakpoint
admissions,Wales,2020-11-10,estimate based on partial data,0.95,0.95,0.03,0.91,0.93,0.95,0.96,0.97,1,random walk + breakpoint
admissions,Wales,2020-11-11,estimate based on partial data,0.95,0.95,0.03,0.91,0.93,0.95,0.96,0.97,1,random walk + breakpoint
admissions,Wales,2020-11-12,estimate based on partial data,0.95,0.95,0.03,0.91,0.93,0.95,0.96,0.97,1,random walk + breakpoint
admissions,Wales,2020-11-13,estimate based on partial data,0.95,0.95,0.03,0.91,0.93,0.95,0.96,0.97,1,random walk + breakpoint
admissions,Wales,2020-11-14,estimate based on partial data,0.95,0.95,0.03,0.91,0.93,0.95,0.96,0.97,1,random walk + breakpoint
admissions,Wales,2020-11-15,estimate based on partial data,0.95,0.95,0.03,0.91,0.93,0.95,0.96,0.97,1,random walk + breakpoint
admissions,Wales,2020-11-16,estimate based on partial data,0.95,0.95,0.03,0.91,0.93,0.95,0.96,0.97,1,random walk + breakpoint
admissions,Northern Ireland,2020-10-05,estimate,1.07,1.08,0.1,0.93,1,1.04,1.1,1.15,1.27,random walk + breakpoint
admissions,Northern Ireland,2020-10-06,estimate,1.07,1.08,0.1,0.93,1,1.04,1.1,1.15,1.27,random walk + breakpoint
admissions,Northern Ireland,2020-10-07,estimate,1.07,1.08,0.1,0.93,1,1.04,1.1,1.15,1.27,random walk + breakpoint
admissions,Northern Ireland,2020-10-08,estimate,1.07,1.08,0.1,0.93,1,1.04,1.1,1.15,1.27,random walk + breakpoint
admissions,Northern Ireland,2020-10-09,estimate,1.07,1.08,0.1,0.93,1,1.04,1.1,1.15,1.27,random walk + breakpoint
admissions,Northern Ireland,2020-10-10,estimate,1.07,1.08,0.1,0.93,1,1.04,1.1,1.15,1.27,random walk + breakpoint
admissions,Northern Ireland,2020-10-11,estimate,1.07,1.08,0.1,0.93,1,1.04,1.1,1.15,1.27,random walk + breakpoint
admissions,Northern Ireland,2020-10-12,estimate,1.07,1.08,0.1,0.93,1,1.04,1.1,1.15,1.27,random walk + breakpoint
admissions,Northern Ireland,2020-10-13,estimate,1.07,1.08,0.1,0.93,1,1.04,1.1,1.15,1.27,random walk + breakpoint
admissions,Northern Ireland,2020-10-14,estimate,1.07,1.08,0.1,0.93,1,1.04,1.1,1.15,1.27,random walk + breakpoint
admissions,Northern Ireland,2020-10-15,estimate,1.07,1.08,0.1,0.93,1,1.04,1.1,1.15,1.27,random walk + breakpoint
admissions,Wales,2020-10-18,estimate,1.1,1.1,0.07,1.01,1.06,1.08,1.11,1.14,1.23,random walk + breakpoint
admissions,Wales,2020-10-19,estimate,1.1,1.1,0.07,1.01,1.06,1.08,1.11,1.14,1.23,random walk + breakpoint
admissions,Wales,2020-10-20,estimate,1.1,1.1,0.07,1.01,1.06,1.08,1.11,1.14,1.23,random walk + breakpoint
admissions,Wales,2020-10-21,estimate,1.1,1.1,0.07,1.01,1.06,1.08,1.11,1.14,1.23,random walk + breakpoint
admissions,Wales,2020-10-22,estimate,1.1,1.1,0.07,1.01,1.06,1.08,1.11,1.14,1.23,random walk + breakpoint
admissions,Wales,2020-10-23,estimate,1.1,1.1,0.07,1.01,1.06,1.08,1.11,1.14,1.23,random walk + breakpoint
admissions,Wales,2020-10-11,estimate,1.14,1.14,0.06,1.05,1.1,1.12,1.15,1.17,1.23,random walk + breakpoint
admissions,Wales,2020-10-12,estimate,1.14,1.14,0.06,1.05,1.1,1.12,1.15,1.17,1.23,random walk + breakpoint
admissions,Wales,2020-10-13,estimate,1.14,1.14,0.06,1.05,1.1,1.12,1.15,1.17,1.23,random walk + breakpoint
admissions,Wales,2020-10-14,estimate,1.14,1.14,0.06,1.05,1.1,1.12,1.15,1.17,1.23,random walk + breakpoint
admissions,Wales,2020-10-15,estimate,1.14,1.14,0.06,1.05,1.1,1.12,1.15,1.17,1.23,random walk + breakpoint
admissions,Wales,2020-10-16,estimate,1.14,1.14,0.06,1.05,1.1,1.12,1.15,1.17,1.23,random walk + breakpoint
admissions,Wales,2020-10-17,estimate,1.14,1.14,0.06,1.05,1.1,1.12,1.15,1.17,1.23,random walk + breakpoint
admissions,Wales,2020-10-05,estimate,1.15,1.15,0.08,1.03,1.1,1.13,1.17,1.2,1.28,random walk + breakpoint
admissions,Wales,2020-10-06,estimate,1.15,1.15,0.08,1.03,1.1,1.13,1.17,1.2,1.28,random walk + breakpoint
admissions,Wales,2020-10-07,estimate,1.15,1.15,0.08,1.03,1.1,1.13,1.17,1.2,1.28,random walk + breakpoint
admissions,Wales,2020-10-08,estimate,1.15,1.15,0.08,1.03,1.1,1.13,1.17,1.2,1.28,random walk + breakpoint
admissions,Wales,2020-10-09,estimate,1.15,1.15,0.08,1.03,1.1,1.13,1.17,1.2,1.28,random walk + breakpoint
admissions,Wales,2020-10-10,estimate,1.15,1.15,0.08,1.03,1.1,1.13,1.17,1.2,1.28,random walk + breakpoint
admissions,South West,2020-10-24,estimate,1.18,1.17,0.03,1.12,1.16,1.17,1.18,1.19,1.22,random walk + breakpoint
admissions,South West,2020-10-25,estimate,1.18,1.17,0.03,1.12,1.16,1.17,1.18,1.19,1.22,random walk + breakpoint
admissions,South West,2020-10-26,estimate,1.18,1.17,0.03,1.12,1.16,1.17,1.18,1.19,1.22,random walk + breakpoint
admissions,South West,2020-10-27,estimate,1.18,1.17,0.03,1.12,1.16,1.17,1.18,1.19,1.22,random walk + breakpoint
admissions,South West,2020-10-28,estimate,1.18,1.17,0.03,1.12,1.16,1.17,1.18,1.19,1.22,random walk + breakpoint
admissions,South West,2020-10-29,estimate,1.18,1.17,0.03,1.12,1.16,1.17,1.18,1.19,1.22,random walk + breakpoint
admissions,South West,2020-10-30,estimate,1.18,1.17,0.03,1.12,1.16,1.17,1.18,1.19,1.22,random walk + breakpoint
admissions,South West,2020-10-31,estimate,1.18,1.17,0.03,1.12,1.16,1.17,1.18,1.19,1.22,random walk + breakpoint
admissions,South West,2020-11-01,estimate,1.18,1.17,0.03,1.12,1.16,1.17,1.18,1.19,1.22,random walk + breakpoint
admissions,South West,2020-11-02,estimate,1.18,1.17,0.03,1.12,1.16,1.17,1.18,1.19,1.22,random walk + breakpoint
admissions,South West,2020-11-03,estimate,1.18,1.17,0.03,1.12,1.16,1.17,1.18,1.19,1.22,random walk + breakpoint
admissions,South West,2020-11-04,estimate,1.18,1.17,0.03,1.12,1.16,1.17,1.18,1.19,1.22,random walk + breakpoint
admissions,South West,2020-11-05,estimate based on partial data,1.18,1.17,0.03,1.12,1.16,1.17,1.18,1.19,1.22,random walk + breakpoint
admissions,South West,2020-11-06,estimate based on partial data,1.18,1.17,0.03,1.12,1.16,1.17,1.18,1.19,1.22,random walk + breakpoint
admissions,South West,2020-11-07,estimate based on partial data,1.18,1.17,0.03,1.12,1.16,1.17,1.18,1.19,1.22,random walk + breakpoint
admissions,South West,2020-11-08,estimate based on partial data,1.18,1.17,0.03,1.12,1.16,1.17,1.18,1.19,1.22,random walk + breakpoint
admissions,South West,2020-11-09,estimate based on partial data,1.18,1.17,0.03,1.12,1.16,1.17,1.18,1.19,1.22,random walk + breakpoint
admissions,South West,2020-11-10,estimate based on partial data,1.18,1.17,0.03,1.12,1.16,1.17,1.18,1.19,1.22,random walk + breakpoint
admissions,South West,2020-11-11,estimate based on partial data,1.18,1.17,0.03,1.12,1.16,1.17,1.18,1.19,1.22,random walk + breakpoint
admissions,South West,2020-11-12,estimate based on partial data,1.18,1.17,0.03,1.12,1.16,1.17,1.18,1.19,1.22,random walk + breakpoint
admissions,South West,2020-11-13,estimate based on partial data,1.18,1.17,0.03,1.12,1.16,1.17,1.18,1.19,1.22,random walk + breakpoint
admissions,South West,2020-11-14,estimate based on partial data,1.18,1.17,0.03,1.12,1.16,1.17,1.18,1.19,1.22,random walk + breakpoint
admissions,South West,2020-11-15,estimate based on partial data,1.18,1.17,0.03,1.12,1.16,1.17,1.18,1.19,1.22,random walk + breakpoint
admissions,South West,2020-10-18,estimate,1.21,1.22,0.05,1.16,1.19,1.2,1.22,1.24,1.31,random walk + breakpoint
admissions,South West,2020-10-19,estimate,1.21,1.22,0.05,1.16,1.19,1.2,1.22,1.24,1.31,random walk + breakpoint
admissions,South West,2020-10-20,estimate,1.21,1.22,0.05,1.16,1.19,1.2,1.22,1.24,1.31,random walk + breakpoint
admissions,South West,2020-10-21,estimate,1.21,1.22,0.05,1.16,1.19,1.2,1.22,1.24,1.31,random walk + breakpoint
admissions,South West,2020-10-22,estimate,1.21,1.22,0.05,1.16,1.19,1.2,1.22,1.24,1.31,random walk + breakpoint
admissions,South West,2020-10-23,estimate,1.21,1.22,0.05,1.16,1.19,1.2,1.22,1.24,1.31,random walk + breakpoint
admissions,South West,2020-10-11,estimate,1.22,1.22,0.05,1.15,1.19,1.21,1.23,1.24,1.3,random walk + breakpoint
admissions,South West,2020-10-12,estimate,1.22,1.22,0.05,1.15,1.19,1.21,1.23,1.24,1.3,random walk + breakpoint
admissions,South West,2020-10-13,estimate,1.22,1.22,0.05,1.15,1.19,1.21,1.23,1.24,1.3,random walk + breakpoint
admissions,South West,2020-10-14,estimate,1.22,1.22,0.05,1.15,1.19,1.21,1.23,1.24,1.3,random walk + breakpoint
admissions,South West,2020-10-15,estimate,1.22,1.22,0.05,1.15,1.19,1.21,1.23,1.24,1.3,random walk + breakpoint
admissions,South West,2020-10-16,estimate,1.22,1.22,0.05,1.15,1.19,1.21,1.23,1.24,1.3,random walk + breakpoint
admissions,South West,2020-10-17,estimate,1.22,1.22,0.05,1.15,1.19,1.21,1.23,1.24,1.3,random walk + breakpoint
admissions,South West,2020-10-04,estimate,1.23,1.24,0.07,1.15,1.2,1.21,1.24,1.27,1.35,random walk + breakpoint
admissions,South West,2020-10-05,estimate,1.23,1.24,0.07,1.15,1.2,1.21,1.24,1.27,1.35,random walk + breakpoint
admissions,South West,2020-10-06,estimate,1.23,1.24,0.07,1.15,1.2,1.21,1.24,1.27,1.35,random walk + breakpoint
admissions,South West,2020-10-07,estimate,1.23,1.24,0.07,1.15,1.2,1.21,1.24,1.27,1.35,random walk + breakpoint
admissions,South West,2020-10-08,estimate,1.23,1.24,0.07,1.15,1.2,1.21,1.24,1.27,1.35,random walk + breakpoint
admissions,South West,2020-10-09,estimate,1.23,1.24,0.07,1.15,1.2,1.21,1.24,1.27,1.35,random walk + breakpoint
admissions,South West,2020-10-10,estimate,1.23,1.24,0.07,1.15,1.2,1.21,1.24,1.27,1.35,random walk + breakpoint
deaths,Wales,2020-10-24,estimate,0.89,0.88,0.15,0.61,0.77,0.85,0.93,0.99,1.1,random walk + breakpoint
deaths,Wales,2020-10-25,estimate,0.89,0.88,0.15,0.61,0.77,0.85,0.93,0.99,1.1,random walk + breakpoint
deaths,Wales,2020-10-26,estimate,0.89,0.88,0.15,0.61,0.77,0.85,0.93,0.99,1.1,random walk + breakpoint
deaths,Wales,2020-10-27,estimate,0.89,0.88,0.15,0.61,0.77,0.85,0.93,0.99,1.1,random walk + breakpoint
deaths,Wales,2020-10-28,estimate based on partial data,0.89,0.88,0.15,0.61,0.77,0.85,0.93,0.99,1.1,random walk + breakpoint
deaths,Wales,2020-10-29,estimate based on partial data,0.89,0.88,0.15,0.61,0.77,0.85,0.93,0.99,1.1,random walk + breakpoint
deaths,Wales,2020-10-30,estimate based on partial data,0.89,0.88,0.15,0.61,0.77,0.85,0.93,0.99,1.1,random walk + breakpoint
deaths,Wales,2020-10-31,estimate based on partial data,0.89,0.88,0.15,0.61,0.77,0.85,0.93,0.99,1.1,random walk + breakpoint
deaths,Wales,2020-11-01,estimate based on partial data,0.89,0.88,0.15,0.61,0.77,0.85,0.93,0.99,1.1,random walk + breakpoint
deaths,Wales,2020-11-02,estimate based on partial data,0.89,0.88,0.15,0.61,0.77,0.85,0.93,0.99,1.1,random walk + breakpoint
deaths,Wales,2020-11-03,estimate based on partial data,0.89,0.88,0.15,0.61,0.77,0.85,0.93,0.99,1.1,random walk + breakpoint
deaths,Wales,2020-11-04,estimate based on partial data,0.89,0.88,0.15,0.61,0.77,0.85,0.93,0.99,1.1,random walk + breakpoint
deaths,Wales,2020-11-05,estimate based on partial data,0.89,0.88,0.15,0.61,0.77,0.85,0.93,0.99,1.1,random walk + breakpoint
deaths,Wales,2020-11-06,estimate based on partial data,0.89,0.88,0.15,0.61,0.77,0.85,0.93,0.99,1.1,random walk + breakpoint
deaths,Wales,2020-11-07,estimate based on partial data,0.89,0.88,0.15,0.61,0.77,0.85,0.93,0.99,1.1,random walk + breakpoint
deaths,Wales,2020-11-08,estimate based on partial data,0.89,0.88,0.15,0.61,0.77,0.85,0.93,0.99,1.1,random walk + breakpoint
deaths,Wales,2020-11-09,estimate based on partial data,0.89,0.88,0.15,0.61,0.77,0.85,0.93,0.99,1.1,random walk + breakpoint
deaths,Wales,2020-11-10,estimate based on partial data,0.89,0.88,0.15,0.61,0.77,0.85,0.93,0.99,1.1,random walk + breakpoint
deaths,Wales,2020-11-11,estimate based on partial data,0.89,0.88,0.15,0.61,0.77,0.85,0.93,0.99,1.1,random walk + breakpoint
deaths,Wales,2020-11-12,estimate based on partial data,0.89,0.88,0.15,0.61,0.77,0.85,0.93,0.99,1.1,random walk + breakpoint
deaths,Wales,2020-11-13,estimate based on partial data,0.89,0.88,0.15,0.61,0.77,0.85,0.93,0.99,1.1,random walk + breakpoint
deaths,Wales,2020-11-14,estimate based on partial data,0.89,0.88,0.15,0.61,0.77,0.85,0.93,0.99,1.1,random walk + breakpoint
deaths,Wales,2020-11-15,estimate based on partial data,0.89,0.88,0.15,0.61,0.77,0.85,0.93,0.99,1.1,random walk + breakpoint
deaths,Wales,2020-11-16,estimate based on partial data,0.89,0.88,0.15,0.61,0.77,0.85,0.93,0.99,1.1,random walk + breakpoint
deaths,Northern Ireland,2020-10-16,estimate,1,0.99,0.1,0.82,0.92,0.97,1.02,1.06,1.15,random walk + breakpoint
deaths,Northern Ireland,2020-10-17,estimate,1,0.99,0.1,0.82,0.92,0.97,1.02,1.06,1.15,random walk + breakpoint
deaths,Northern Ireland,2020-10-18,estimate,1,0.99,0.1,0.82,0.92,0.97,1.02,1.06,1.15,random walk + breakpoint
deaths,Northern Ireland,2020-10-19,estimate,1,0.99,0.1,0.82,0.92,0.97,1.02,1.06,1.15,random walk + breakpoint
deaths,Northern Ireland,2020-10-20,estimate,1,0.99,0.1,0.82,0.92,0.97,1.02,1.06,1.15,random walk + breakpoint
deaths,Northern Ireland,2020-10-21,estimate,1,0.99,0.1,0.82,0.92,0.97,1.02,1.06,1.15,random walk + breakpoint
deaths,Northern Ireland,2020-10-22,estimate,1,0.99,0.1,0.82,0.92,0.97,1.02,1.06,1.15,random walk + breakpoint
deaths,Northern Ireland,2020-10-23,estimate,1,0.99,0.1,0.82,0.92,0.97,1.02,1.06,1.15,random walk + breakpoint
deaths,Northern Ireland,2020-10-24,estimate,1,0.99,0.1,0.82,0.92,0.97,1.02,1.06,1.15,random walk + breakpoint
deaths,Northern Ireland,2020-10-25,estimate,1,0.99,0.1,0.82,0.92,0.97,1.02,1.06,1.15,random walk + breakpoint
deaths,Northern Ireland,2020-10-26,estimate,1,0.99,0.1,0.82,0.92,0.97,1.02,1.06,1.15,random walk + breakpoint
deaths,Northern Ireland,2020-10-27,estimate,1,0.99,0.1,0.82,0.92,0.97,1.02,1.06,1.15,random walk + breakpoint
deaths,Northern Ireland,2020-10-28,estimate based on partial data,1,0.99,0.1,0.82,0.92,0.97,1.02,1.06,1.15,random walk + breakpoint
deaths,Northern Ireland,2020-10-29,estimate based on partial data,1,0.99,0.1,0.82,0.92,0.97,1.02,1.06,1.15,random walk + breakpoint
deaths,Northern Ireland,2020-10-30,estimate based on partial data,1,0.99,0.1,0.82,0.92,0.97,1.02,1.06,1.15,random walk + breakpoint
deaths,Northern Ireland,2020-10-31,estimate based on partial data,1,0.99,0.1,0.82,0.92,0.97,1.02,1.06,1.15,random walk + breakpoint
deaths,Northern Ireland,2020-11-01,estimate based on partial data,1,0.99,0.1,0.82,0.92,0.97,1.02,1.06,1.15,random walk + breakpoint
deaths,Northern Ireland,2020-11-02,estimate based on partial data,1,0.99,0.1,0.82,0.92,0.97,1.02,1.06,1.15,random walk + breakpoint
deaths,Northern Ireland,2020-11-03,estimate based on partial data,1,0.99,0.1,0.82,0.92,0.97,1.02,1.06,1.15,random walk + breakpoint
deaths,Northern Ireland,2020-11-04,estimate based on partial data,1,0.99,0.1,0.82,0.92,0.97,1.02,1.06,1.15,random walk + breakpoint
deaths,Northern Ireland,2020-11-05,estimate based on partial data,1,0.99,0.1,0.82,0.92,0.97,1.02,1.06,1.15,random walk + breakpoint
deaths,Northern Ireland,2020-11-06,estimate based on partial data,1,0.99,0.1,0.82,0.92,0.97,1.02,1.06,1.15,random walk + breakpoint
deaths,Northern Ireland,2020-11-07,estimate based on partial data,1,0.99,0.1,0.82,0.92,0.97,1.02,1.06,1.15,random walk + breakpoint
deaths,Northern Ireland,2020-11-08,estimate based on partial data,1,0.99,0.1,0.82,0.92,0.97,1.02,1.06,1.15,random walk + breakpoint
deaths,Northern Ireland,2020-11-09,estimate based on partial data,1,0.99,0.1,0.82,0.92,0.97,1.02,1.06,1.15,random walk + breakpoint
deaths,Northern Ireland,2020-11-10,estimate based on partial data,1,0.99,0.1,0.82,0.92,0.97,1.02,1.06,1.15,random walk + breakpoint
deaths,Northern Ireland,2020-11-11,estimate based on partial data,1,0.99,0.1,0.82,0.92,0.97,1.02,1.06,1.15,random walk + breakpoint
deaths,Northern Ireland,2020-11-12,estimate based on partial data,1,0.99,0.1,0.82,0.92,0.97,1.02,1.06,1.15,random walk + breakpoint
deaths,Northern Ireland,2020-11-13,estimate based on partial data,1,0.99,0.1,0.82,0.92,0.97,1.02,1.06,1.15,random walk + breakpoint
deaths,Northern Ireland,2020-11-14,estimate based on partial data,1,0.99,0.1,0.82,0.92,0.97,1.02,1.06,1.15,random walk + breakpoint
deaths,Northern Ireland,2020-11-15,estimate based on partial data,1,0.99,0.1,0.82,0.92,0.97,1.02,1.06,1.15,random walk + breakpoint
deaths,Northern Ireland,2020-11-16,estimate based on partial data,1,0.99,0.1,0.82,0.92,0.97,1.02,1.06,1.15,random walk + breakpoint
deaths,Wales,2020-10-18,estimate,1.02,1.01,0.11,0.82,0.94,0.99,1.05,1.08,1.19,random walk + breakpoint
deaths,Wales,2020-10-19,estimate,1.02,1.01,0.11,0.82,0.94,0.99,1.05,1.08,1.19,random walk + breakpoint
deaths,Wales,2020-10-20,estimate,1.02,1.01,0.11,0.82,0.94,0.99,1.05,1.08,1.19,random walk + breakpoint
deaths,Wales,2020-10-21,estimate,1.02,1.01,0.11,0.82,0.94,0.99,1.05,1.08,1.19,random walk + breakpoint
deaths,Wales,2020-10-22,estimate,1.02,1.01,0.11,0.82,0.94,0.99,1.05,1.08,1.19,random walk + breakpoint
deaths,Wales,2020-10-23,estimate,1.02,1.01,0.11,0.82,0.94,0.99,1.05,1.08,1.19,random walk + breakpoint
deaths,South West,2020-10-24,estimate,1.03,1.01,0.13,0.77,0.93,1,1.07,1.11,1.2,random walk + breakpoint
deaths,South West,2020-10-25,estimate,1.03,1.01,0.13,0.77,0.93,1,1.07,1.11,1.2,random walk + breakpoint
deaths,South West,2020-10-26,estimate,1.03,1.01,0.13,0.77,0.93,1,1.07,1.11,1.2,random walk + breakpoint
deaths,South West,2020-10-27,estimate based on partial data,1.03,1.01,0.13,0.77,0.93,1,1.07,1.11,1.2,random walk + breakpoint
deaths,South West,2020-10-28,estimate based on partial data,1.03,1.01,0.13,0.77,0.93,1,1.07,1.11,1.2,random walk + breakpoint
deaths,South West,2020-10-29,estimate based on partial data,1.03,1.01,0.13,0.77,0.93,1,1.07,1.11,1.2,random walk + breakpoint
deaths,South West,2020-10-30,estimate based on partial data,1.03,1.01,0.13,0.77,0.93,1,1.07,1.11,1.2,random walk + breakpoint
deaths,South West,2020-10-31,estimate based on partial data,1.03,1.01,0.13,0.77,0.93,1,1.07,1.11,1.2,random walk + breakpoint
deaths,South West,2020-11-01,estimate based on partial data,1.03,1.01,0.13,0.77,0.93,1,1.07,1.11,1.2,random walk + breakpoint
deaths,South West,2020-11-02,estimate based on partial data,1.03,1.01,0.13,0.77,0.93,1,1.07,1.11,1.2,random walk + breakpoint
deaths,South West,2020-11-03,estimate based on partial data,1.03,1.01,0.13,0.77,0.93,1,1.07,1.11,1.2,random walk + breakpoint
deaths,South West,2020-11-04,estimate based on partial data,1.03,1.01,0.13,0.77,0.93,1,1.07,1.11,1.2,random walk + breakpoint
deaths,South West,2020-11-05,estimate based on partial data,1.03,1.01,0.13,0.77,0.93,1,1.07,1.11,1.2,random walk + breakpoint
deaths,South West,2020-11-06,estimate based on partial data,1.03,1.01,0.13,0.77,0.93,1,1.07,1.11,1.2,random walk + breakpoint
deaths,South West,2020-11-07,estimate based on partial data,1.03,1.01,0.13,0.77,0.93,1,1.07,1.11,1.2,random walk + breakpoint
deaths,South West,2020-11-08,estimate based on partial data,1.03,1.01,0.13,0.77,0.93,1,1.07,1.11,1.2,random walk + breakpoint
deaths,South West,2020-11-09,estimate based on partial data,1.03,1.01,0.13,0.77,0.93,1,1.07,1.11,1.2,random walk + breakpoint
deaths,South West,2020-11-10,estimate based on partial data,1.03,1.01,0.13,0.77,0.93,1,1.07,1.11,1.2,random walk + breakpoint
deaths,South West,2020-11-11,estimate based on partial data,1.03,1.01,0.13,0.77,0.93,1,1.07,1.11,1.2,random walk + breakpoint
deaths,South West,2020-11-12,estimate based on partial data,1.03,1.01,0.13,0.77,0.93,1,1.07,1.11,1.2,random walk + breakpoint
deaths,South West,2020-11-13,estimate based on partial data,1.03,1.01,0.13,0.77,0.93,1,1.07,1.11,1.2,random walk + breakpoint
deaths,South West,2020-11-14,estimate based on partial data,1.03,1.01,0.13,0.77,0.93,1,1.07,1.11,1.2,random walk + breakpoint
deaths,South West,2020-11-15,estimate based on partial data,1.03,1.01,0.13,0.77,0.93,1,1.07,1.11,1.2,random walk + breakpoint
deaths,South West,2020-10-18,estimate,1.11,1.11,0.09,0.95,1.06,1.09,1.13,1.16,1.26,random walk + breakpoint
deaths,South West,2020-10-19,estimate,1.11,1.11,0.09,0.95,1.06,1.09,1.13,1.16,1.26,random walk + breakpoint
deaths,South West,2020-10-20,estimate,1.11,1.11,0.09,0.95,1.06,1.09,1.13,1.16,1.26,random walk + breakpoint
deaths,South West,2020-10-21,estimate,1.11,1.11,0.09,0.95,1.06,1.09,1.13,1.16,1.26,random walk + breakpoint
deaths,South West,2020-10-22,estimate,1.11,1.11,0.09,0.95,1.06,1.09,1.13,1.16,1.26,random walk + breakpoint
deaths,South West,2020-10-23,estimate,1.11,1.11,0.09,0.95,1.06,1.09,1.13,1.16,1.26,random walk + breakpoint
deaths,Northern Ireland,2020-10-05,estimate,1.12,1.14,0.12,0.97,1.05,1.09,1.15,1.21,1.36,random walk + breakpoint
deaths,Northern Ireland,2020-10-06,estimate,1.12,1.14,0.12,0.97,1.05,1.09,1.15,1.21,1.36,random walk + breakpoint
deaths,Northern Ireland,2020-10-07,estimate,1.12,1.14,0.12,0.97,1.05,1.09,1.15,1.21,1.36,random walk + breakpoint
deaths,Northern Ireland,2020-10-08,estimate,1.12,1.14,0.12,0.97,1.05,1.09,1.15,1.21,1.36,random walk + breakpoint
deaths,Northern Ireland,2020-10-09,estimate,1.12,1.14,0.12,0.97,1.05,1.09,1.15,1.21,1.36,random walk + breakpoint
deaths,Northern Ireland,2020-10-10,estimate,1.12,1.14,0.12,0.97,1.05,1.09,1.15,1.21,1.36,random walk + breakpoint
deaths,Northern Ireland,2020-10-11,estimate,1.12,1.14,0.12,0.97,1.05,1.09,1.15,1.21,1.36,random walk + breakpoint
deaths,Northern Ireland,2020-10-12,estimate,1.12,1.14,0.12,0.97,1.05,1.09,1.15,1.21,1.36,random walk + breakpoint
deaths,Northern Ireland,2020-10-13,estimate,1.12,1.14,0.12,0.97,1.05,1.09,1.15,1.21,1.36,random walk + breakpoint
deaths,Northern Ireland,2020-10-14,estimate,1.12,1.14,0.12,0.97,1.05,1.09,1.15,1.21,1.36,random walk + breakpoint
deaths,Northern Ireland,2020-10-15,estimate,1.12,1.14,0.12,0.97,1.05,1.09,1.15,1.21,1.36,random walk + breakpoint
deaths,Wales,2020-10-11,estimate,1.15,1.17,0.14,0.98,1.07,1.12,1.18,1.25,1.43,random walk + breakpoint
deaths,Wales,2020-10-12,estimate,1.15,1.17,0.14,0.98,1.07,1.12,1.18,1.25,1.43,random walk + breakpoint
deaths,Wales,2020-10-13,estimate,1.15,1.17,0.14,0.98,1.07,1.12,1.18,1.25,1.43,random walk + breakpoint
deaths,Wales,2020-10-14,estimate,1.15,1.17,0.14,0.98,1.07,1.12,1.18,1.25,1.43,random walk + breakpoint
deaths,Wales,2020-10-15,estimate,1.15,1.17,0.14,0.98,1.07,1.12,1.18,1.25,1.43,random walk + breakpoint
deaths,Wales,2020-10-16,estimate,1.15,1.17,0.14,0.98,1.07,1.12,1.18,1.25,1.43,random walk + breakpoint
deaths,Wales,2020-10-17,estimate,1.15,1.17,0.14,0.98,1.07,1.12,1.18,1.25,1.43,random walk + breakpoint
deaths,South West,2020-10-11,estimate,1.19,1.2,0.11,1.06,1.13,1.16,1.21,1.26,1.41,random walk + breakpoint
deaths,South West,2020-10-12,estimate,1.19,1.2,0.11,1.06,1.13,1.16,1.21,1.26,1.41,random walk + breakpoint
deaths,South West,2020-10-13,estimate,1.19,1.2,0.11,1.06,1.13,1.16,1.21,1.26,1.41,random walk + breakpoint
deaths,South West,2020-10-14,estimate,1.19,1.2,0.11,1.06,1.13,1.16,1.21,1.26,1.41,random walk + breakpoint
deaths,South West,2020-10-15,estimate,1.19,1.2,0.11,1.06,1.13,1.16,1.21,1.26,1.41,random walk + breakpoint
deaths,South West,2020-10-16,estimate,1.19,1.2,0.11,1.06,1.13,1.16,1.21,1.26,1.41,random walk + breakpoint
deaths,South West,2020-10-17,estimate,1.19,1.2,0.11,1.06,1.13,1.16,1.21,1.26,1.41,random walk + breakpoint
deaths,Wales,2020-10-05,estimate,1.2,1.22,0.15,1,1.11,1.16,1.24,1.31,1.49,random walk + breakpoint
deaths,Wales,2020-10-06,estimate,1.2,1.22,0.15,1,1.11,1.16,1.24,1.31,1.49,random walk + breakpoint
deaths,Wales,2020-10-07,estimate,1.2,1.22,0.15,1,1.11,1.16,1.24,1.31,1.49,random walk + breakpoint
deaths,Wales,2020-10-08,estimate,1.2,1.22,0.15,1,1.11,1.16,1.24,1.31,1.49,random walk + breakpoint
deaths,Wales,2020-10-09,estimate,1.2,1.22,0.15,1,1.11,1.16,1.24,1.31,1.49,random walk + breakpoint
deaths,Wales,2020-10-10,estimate,1.2,1.22,0.15,1,1.11,1.16,1.24,1.31,1.49,random walk + breakpoint
deaths,South West,2020-10-04,estimate,1.22,1.24,0.14,1.06,1.14,1.19,1.25,1.32,1.51,random walk + breakpoint
deaths,South West,2020-10-05,estimate,1.22,1.24,0.14,1.06,1.14,1.19,1.25,1.32,1.51,random walk + breakpoint
deaths,South West,2020-10-06,estimate,1.22,1.24,0.14,1.06,1.14,1.19,1.25,1.32,1.51,random walk + breakpoint
deaths,South West,2020-10-07,estimate,1.22,1.24,0.14,1.06,1.14,1.19,1.25,1.32,1.51,random walk + breakpoint
deaths,South West,2020-10-08,estimate,1.22,1.24,0.14,1.06,1.14,1.19,1.25,1.32,1.51,random walk + breakpoint
deaths,South West,2020-10-09,estimate,1.22,1.24,0.14,1.06,1.14,1.19,1.25,1.32,1.51,random walk + breakpoint
deaths,South West,2020-10-10,estimate,1.22,1.24,0.14,1.06,1.14,1.19,1.25,1.32,1.51,random walk + breakpoint
